dataset,probe,model,best_layer,main_metric,main_test_performance,frame_shuffle_performance_same_layer,frame_shuffle_delta_pct,single_frame_performance_same_layer,single_frame_delta_pct,main_source_path,frame_shuffle_source_path,single_frame_source_path
intphys2,linear,V-JEPA,24,voe_accuracy,50.980392,21.568627,57.692308,7.843137,84.615385,artifacts/probes/intphys2/intphys2_probe_linear_jepa_v1_vith16_384_20260426T152120Z/train_eval_summary.csv,artifacts/results/intphys2_frame_shuffling/intphys2_frame_shuffling_jepa_v1_vith16_384_linear_22788384/baseline_label_metrics.csv,artifacts/results/intphys2_single_frame/intphys2_single_frame_jepa_v1_vith16_384_linear_22754703/baseline_label_metrics.csv
intphys2,linear,V-JEPA 2,40,voe_accuracy,41.176471,31.372549,23.809525,25.490196,38.095239,artifacts/probes/intphys2/intphys2_probe_linear_videomae_v2_vit_giant_16_224_20260426T152148Z/intphys2_probe_linear_jepa_v2_vitg_384_20260430T105417Z/train_eval_summary.csv,artifacts/results/intphys2_frame_shuffling/intphys2_frame_shuffling_jepa_v2_vitg_384_linear_22788385/baseline_label_metrics.csv,artifacts/results/intphys2_single_frame/intphys2_single_frame_jepa_v2_vitg_384_linear_22754704/baseline_label_metrics.csv
intphys2,linear,V-JEPA 2.1,48,voe_accuracy,35.294118,35.294118,0.000000,9.803922,72.222221,artifacts/probes/intphys2/intphys2_probe_linear_jepa_v2_1_vitG_384_20260430T105417Z/train_eval_summary.csv,artifacts/results/intphys2_frame_shuffling/intphys2_frame_shuffling_jepa_v2_1_vitG_384_linear_22788386/baseline_label_metrics.csv,artifacts/results/intphys2_single_frame/intphys2_single_frame_jepa_v2_1_vitG_384_linear_22754705/baseline_label_metrics.csv
intphys2,linear,VideoMAE,16,voe_accuracy,35.294118,19.607843,44.444445,9.803922,72.222221,artifacts/probes/intphys2/intphys2_probe_linear_videomae_vit_huge_16_224_20260426T152120Z/train_eval_summary.csv,artifacts/results/intphys2_frame_shuffling/intphys2_frame_shuffling_videomae_vit_huge_16_224_linear_22788387/baseline_label_metrics.csv,artifacts/results/intphys2_single_frame/intphys2_single_frame_videomae_vit_huge_16_224_linear_22754708/baseline_label_metrics.csv
intphys2,linear,VideoMAE-v2,40,voe_accuracy,47.058824,21.568627,54.166668,15.686275,66.666666,artifacts/probes/intphys2/intphys2_probe_linear_videomae_v2_vit_giant_16_224_20260426T152148Z/train_eval_summary.csv,artifacts/results/intphys2_frame_shuffling/intphys2_frame_shuffling_videomae_v2_vit_giant_16_224_linear_22788797/baseline_label_metrics.csv,artifacts/results/intphys2_single_frame/intphys2_single_frame_videomae_v2_vit_giant_16_224_linear_22754709/baseline_label_metrics.csv
intphys2,linear,LTX-Video,noise_0.1_block_24,voe_accuracy,49.019608,19.607843,60.000000,0.000000,100.000000,artifacts/probes/intphys2/intphys2_ltx_linear_all_40_optuna/train_eval_summary.csv,artifacts/results/intphys2_frame_shuffling/intphys2_frame_shuffling_ltx_video_ltxv_13b_0_9_8_distilled_linear_22795330/baseline_label_metrics.csv,artifacts/results/intphys2_single_frame/intphys2_single_frame_ltx_video_ltxv_13b_0_9_8_distilled_linear_22763247/baseline_label_metrics.csv
intphys2,MLP,V-JEPA,16,voe_accuracy,45.098039,19.607843,56.521739,15.686275,65.217390,artifacts/probes/intphys2/intphys2_probe_mlp_jepa_v1_vith16_384_20260508T164713Z/train_eval_summary.csv,artifacts/results/intphys2_frame_shuffling/intphys2_frame_shuffling_jepa_v1_vith16_384_mlp_22789571/baseline_label_metrics.csv,artifacts/results/intphys2_single_frame/intphys2_single_frame_jepa_v1_vith16_384_mlp_22754711/baseline_label_metrics.csv
intphys2,MLP,V-JEPA 2,30,voe_accuracy,56.862745,23.529412,58.620689,21.568627,62.068966,artifacts/probes/intphys2/intphys2_probe_mlp_jepa_v2_vitg_384_20260508T164714Z/train_eval_summary.csv,artifacts/results/intphys2_frame_shuffling/intphys2_frame_shuffling_jepa_v2_vitg_384_mlp_22789572/baseline_label_metrics.csv,artifacts/results/intphys2_single_frame/intphys2_single_frame_jepa_v2_vitg_384_mlp_22754712/baseline_label_metrics.csv
intphys2,MLP,V-JEPA 2.1,38,voe_accuracy,39.215686,29.411765,24.999999,19.607843,50.000000,artifacts/probes/intphys2/intphys2_probe_mlp_jepa_v2_1_vitG_384_20260508T164713Z/train_eval_summary.csv,artifacts/results/intphys2_frame_shuffling/intphys2_frame_shuffling_jepa_v2_1_vitG_384_mlp_22789573/baseline_label_metrics.csv,artifacts/results/intphys2_single_frame/intphys2_single_frame_jepa_v2_1_vitG_384_mlp_22754713/baseline_label_metrics.csv
intphys2,MLP,VideoMAE,24,voe_accuracy,35.294118,13.725490,61.111112,13.725490,61.111112,artifacts/probes/intphys2/intphys2_probe_mlp_videomae_vit_huge_16_224_20260508T164741Z/train_eval_summary.csv,artifacts/results/intphys2_frame_shuffling/intphys2_frame_shuffling_videomae_vit_huge_16_224_mlp_22789574/baseline_label_metrics.csv,artifacts/results/intphys2_single_frame/intphys2_single_frame_videomae_vit_huge_16_224_mlp_22754714/baseline_label_metrics.csv
intphys2,MLP,VideoMAE-v2,20,voe_accuracy,47.058824,13.725490,70.833334,11.764706,75.000000,artifacts/probes/intphys2/intphys2_probe_mlp_videomae_v2_vit_giant_16_224_20260508T164720Z/train_eval_summary.csv,artifacts/results/intphys2_frame_shuffling/intphys2_frame_shuffling_videomae_v2_vit_giant_16_224_mlp_22789575/baseline_label_metrics.csv,artifacts/results/intphys2_single_frame/intphys2_single_frame_videomae_v2_vit_giant_16_224_mlp_22754717/baseline_label_metrics.csv
intphys2,MLP,LTX-Video,noise_0.2_block_24,voe_accuracy,47.058824,15.686275,66.666666,21.568627,54.166668,artifacts/probes/intphys2/intphys2_probe_mlp_ltx_video_ltxv_13b_0_9_8_distilled_20260509T102816Z/train_eval_summary.csv,artifacts/results/intphys2_frame_shuffling/intphys2_frame_shuffling_ltx_video_ltxv_13b_0_9_8_distilled_mlp_22795331/baseline_label_metrics.csv,artifacts/results/intphys2_single_frame/intphys2_single_frame_ltx_video_ltxv_13b_0_9_8_distilled_mlp_22763248/baseline_label_metrics.csv
intphys2,attentive,V-JEPA,24,voe_accuracy,56.862745,56.862745,0.000000,13.725490,75.862069,artifacts/probes/intphys2/intphys2_probe_temporal_attn_jepa_v1_vith16_384_lr_matrix/train_eval_summary.csv,artifacts/results/intphys2_frame_shuffling/intphys2_frame_shuffling_jepa_v1_vith16_384_temporal_attn_22810502/baseline_label_metrics.csv,artifacts/results/intphys2_single_frame/intphys2_single_frame_jepa_v1_vith16_384_temporal_attn_22788719/baseline_label_metrics.csv
intphys2,attentive,V-JEPA 2,40,voe_accuracy,58.823529,41.176471,29.999999,19.607843,66.666667,artifacts/probes/intphys2/intphys2_probe_temporal_attn_jepa_v2_vitg_384_lr_matrix/train_eval_summary.csv,artifacts/results/intphys2_frame_shuffling/intphys2_frame_shuffling_jepa_v2_vitg_384_temporal_attn_22810503/baseline_label_metrics.csv,artifacts/results/intphys2_single_frame/intphys2_single_frame_jepa_v2_vitg_384_temporal_attn_22788720/baseline_label_metrics.csv
intphys2,attentive,V-JEPA 2.1,48,voe_accuracy,66.666667,41.176471,38.235294,11.764706,82.352941,artifacts/probes/intphys2/intphys2_probe_temporal_attn_jepa_v2_1_vitG_384_lr_matrix/train_eval_summary.csv,artifacts/results/intphys2_frame_shuffling/intphys2_frame_shuffling_jepa_v2_1_vitG_384_temporal_attn_22810504/baseline_label_metrics.csv,artifacts/results/intphys2_single_frame/intphys2_single_frame_jepa_v2_1_vitG_384_temporal_attn_22788721/baseline_label_metrics.csv
intphys2,attentive,VideoMAE,24,voe_accuracy,58.823529,45.098039,23.333333,13.725490,76.666667,artifacts/probes/intphys2/intphys2_probe_temporal_attn_videomae_vit_huge_16_224_lr_matrix/train_eval_summary.csv,artifacts/results/intphys2_frame_shuffling/intphys2_frame_shuffling_videomae_vit_huge_16_224_temporal_attn_22810505/baseline_label_metrics.csv,artifacts/results/intphys2_single_frame/intphys2_single_frame_videomae_vit_huge_16_224_temporal_attn_22786676/baseline_label_metrics.csv
intphys2,attentive,VideoMAE-v2,30,voe_accuracy,15.686275,13.725490,12.500004,25.490196,-62.499994,artifacts/probes/intphys2/intphys2_probe_temporal_attn_videomae_v2_vit_giant_16_224_lr_matrix/train_eval_summary.csv,artifacts/results/intphys2_frame_shuffling/intphys2_frame_shuffling_videomae_v2_vit_giant_16_224_temporal_attn_22810506/baseline_label_metrics.csv,artifacts/results/intphys2_single_frame/intphys2_single_frame_videomae_v2_vit_giant_16_224_temporal_attn_22786678/baseline_label_metrics.csv
intphys2,attentive,LTX-Video,39,voe_accuracy,47.058824,21.568627,54.166668,15.686275,66.666666,artifacts/probes/intphys2/intphys2_probe_temporal_attn_ltx_video_ltxv_13b_0_9_8_distilled_lr_matrix/train_eval_summary.csv,artifacts/results/intphys2_frame_shuffling/intphys2_frame_shuffling_ltx_video_ltxv_13b_0_9_8_distilled_temporal_attn_22992829/baseline_label_metrics.csv,artifacts/results/intphys2_single_frame/intphys2_single_frame_ltx_video_ltxv_13b_0_9_8_distilled_temporal_attn_22992702/baseline_label_metrics.csv
mvp,linear,V-JEPA,32,pair_consistency,48.736097,34.782609,28.630705,4.954499,89.834026,artifacts/probes/mvp/old_linear_mvp/mvp_probe_linear_jepa_v1_vith16_384_20260505T132758Z/train_eval_summary.csv,artifacts/results/mvp_frame_shuffling/mvp_frame_shuffling_jepa_v1_vith16_384_linear_22786430/baseline_label_metrics.csv,artifacts/results/mvp_single_frame/mvp_single_frame_jepa_v1_vith16_384_linear_22753610/baseline_label_metrics.csv
mvp,linear,V-JEPA 2,40,pair_consistency,47.320526,30.940344,34.615384,2.224469,95.299146,artifacts/probes/mvp/old_linear_mvp/mvp_probe_linear_jepa_v2_vitg_384_20260505T132758Z/train_eval_summary.csv,artifacts/results/mvp_frame_shuffling/mvp_frame_shuffling_jepa_v2_vitg_384_linear_22786435/baseline_label_metrics.csv,artifacts/results/mvp_single_frame/mvp_single_frame_jepa_v2_vitg_384_linear_22754694/baseline_label_metrics.csv
mvp,linear,V-JEPA 2.1,38,pair_consistency,43.882710,27.300303,37.788019,1.718908,96.082949,artifacts/probes/mvp/old_linear_mvp/mvp_probe_linear_jepa_v2_1_vitG_384_20260505T132807Z/train_eval_summary.csv,artifacts/results/mvp_frame_shuffling/mvp_frame_shuffling_jepa_v2_1_vitG_384_linear_22786443/baseline_label_metrics.csv,artifacts/results/mvp_single_frame/mvp_single_frame_jepa_v2_1_vitG_384_linear_22754696/baseline_label_metrics.csv
mvp,linear,VideoMAE,24,pair_consistency,37.512639,29.423660,21.563343,4.954499,86.792454,artifacts/probes/mvp/old_old_linear_mvp/mvp_probe_linear_videomae_vit_huge_16_224_20260501T080356Z/train_eval_summary.csv,artifacts/results/mvp_frame_shuffling/mvp_frame_shuffling_videomae_vit_huge_16_224_linear_22786462/baseline_label_metrics.csv,artifacts/results/mvp_single_frame/mvp_single_frame_videomae_vit_huge_16_224_linear_22753613/baseline_label_metrics.csv
mvp,linear,VideoMAE-v2,20,pair_consistency,38.624874,28.109201,27.225132,2.831143,92.670156,artifacts/probes/mvp/old_linear_mvp/mvp_probe_linear_videomae_v2_vit_giant_16_224_20260505T132820Z/train_eval_summary.csv,artifacts/results/mvp_frame_shuffling/mvp_frame_shuffling_videomae_v2_vit_giant_16_224_linear_22786467/baseline_label_metrics.csv,artifacts/results/mvp_single_frame/mvp_single_frame_videomae_v2_vit_giant_16_224_linear_22754695/baseline_label_metrics.csv
mvp,linear,LTX-Video,noise_0.6_block_24,pair_consistency,49.949444,28.210313,43.522268,13.346815,73.279352,artifacts/derived_probe_roots/mvp_probe_linear_ltx_video_complete_40_20260516/train_eval_summary.csv,artifacts/results/mvp_frame_shuffling/mvp_frame_shuffling_ltx_video_ltxv_13b_0_9_8_distilled_linear_22795328/baseline_label_metrics.csv,artifacts/results/mvp_single_frame/mvp_single_frame_ltx_video_ltxv_13b_0_9_8_distilled_linear_22764150/baseline_label_metrics.csv
mvp,MLP,V-JEPA,32,pair_consistency,87.259858,38.928210,55.388181,0.000000,100.000000,artifacts/probes/mvp/mvp_probe_mlp_jepa_v1_vith16_384_20260508T164911Z/train_eval_summary.csv,artifacts/results/mvp_frame_shuffling/mvp_frame_shuffling_jepa_v1_vith16_384_mlp_22789565/baseline_label_metrics.csv,artifacts/results/mvp_single_frame/mvp_single_frame_jepa_v1_vith16_384_mlp_22753614/baseline_label_metrics.csv
mvp,MLP,V-JEPA 2,40,pair_consistency,86.754297,40.444894,53.379953,5.763397,93.356644,artifacts/probes/mvp/mvp_probe_mlp_jepa_v2_vitg_384_20260508T164922Z/train_eval_summary.csv,artifacts/results/mvp_frame_shuffling/mvp_frame_shuffling_jepa_v2_vitg_384_mlp_22789566/baseline_label_metrics.csv,artifacts/results/mvp_single_frame/mvp_single_frame_jepa_v2_vitg_384_mlp_22754698/baseline_label_metrics.csv
mvp,MLP,V-JEPA 2.1,38,pair_consistency,70.778564,35.995956,49.142856,4.954499,93.000001,artifacts/probes/mvp/mvp_probe_mlp_jepa_v2_1_vitG_384_20260508T164911Z/train_eval_summary.csv,artifacts/results/mvp_frame_shuffling/mvp_frame_shuffling_jepa_v2_1_vitG_384_mlp_22789567/baseline_label_metrics.csv,artifacts/results/mvp_single_frame/mvp_single_frame_jepa_v2_1_vitG_384_mlp_22754701/baseline_label_metrics.csv
mvp,MLP,VideoMAE,24,pair_consistency,64.408493,39.130435,39.246467,4.448938,93.092622,artifacts/probes/mvp/mvp_probe_mlp_videomae_vit_huge_16_224_20260508T164922Z/train_eval_summary.csv,artifacts/results/mvp_frame_shuffling/mvp_frame_shuffling_videomae_vit_huge_16_224_mlp_22789568/baseline_label_metrics.csv,artifacts/results/mvp_single_frame/mvp_single_frame_videomae_vit_huge_16_224_mlp_22753612/baseline_label_metrics.csv
mvp,MLP,VideoMAE-v2,20,pair_consistency,66.127401,36.905966,44.189602,2.224469,96.636086,artifacts/probes/mvp/mvp_probe_mlp_videomae_v2_vit_giant_16_224_20260508T164942Z/train_eval_summary.csv,artifacts/results/mvp_frame_shuffling/mvp_frame_shuffling_videomae_v2_vit_giant_16_224_mlp_22789569/baseline_label_metrics.csv,artifacts/results/mvp_single_frame/mvp_single_frame_videomae_v2_vit_giant_16_224_mlp_22754699/baseline_label_metrics.csv
mvp,MLP,LTX-Video,noise_0.7_block_24,pair_consistency,69.160768,26.895854,61.111111,9.504550,86.257310,artifacts/probes/mvp/mvp_probe_mlp_ltx_video_complete_40_20260514/train_eval_summary.csv,artifacts/results/mvp_frame_shuffling/mvp_frame_shuffling_ltx_video_ltxv_13b_0_9_8_distilled_mlp_22795329/baseline_label_metrics.csv,artifacts/results/mvp_single_frame/mvp_single_frame_ltx_video_ltxv_13b_0_9_8_distilled_mlp_22786598/baseline_label_metrics.csv
mvp,attentive,V-JEPA,24,pair_consistency,94.034378,72.093023,23.333333,10.616785,88.709677,artifacts/probes/mvp/mvp_probe_temporal_attn_jepa_v1_vith16_384_lr_matrix/train_eval_summary.csv,artifacts/results/mvp_frame_shuffling/mvp_frame_shuffling_jepa_v1_vith16_384_temporal_attn_22993031/baseline_label_metrics.csv,artifacts/results/mvp_single_frame/mvp_single_frame_jepa_v1_vith16_384_temporal_attn_22993027/baseline_label_metrics.csv
mvp,attentive,V-JEPA 2,40,pair_consistency,93.326593,64.408493,30.985916,21.536906,76.923077,artifacts/probes/mvp/mvp_probe_temporal_attn_jepa_v2_vitg_384_lr_matrix/train_eval_summary.csv,artifacts/results/mvp_frame_shuffling/mvp_frame_shuffling_jepa_v2_vitg_384_temporal_attn_22993032/baseline_label_metrics.csv,artifacts/results/mvp_single_frame/mvp_single_frame_jepa_v2_vitg_384_temporal_attn_22993028/baseline_label_metrics.csv
mvp,attentive,V-JEPA 2.1,48,pair_consistency,93.731041,78.564206,16.181230,27.401416,70.765911,artifacts/probes/mvp/mvp_probe_temporal_attn_jepa_v2_1_vitG_384_lr_matrix/train_eval_summary.csv,artifacts/results/mvp_frame_shuffling/mvp_frame_shuffling_jepa_v2_1_vitG_384_temporal_attn_22993033/baseline_label_metrics.csv,artifacts/results/mvp_single_frame/mvp_single_frame_jepa_v2_1_vitG_384_temporal_attn_22993029/baseline_label_metrics.csv
mvp,attentive,VideoMAE,24,pair_consistency,92.012133,69.767442,24.175824,16.481294,82.087912,artifacts/probes/mvp/mvp_probe_temporal_attn_videomae_vit_huge_16_224_lr_matrix/train_eval_summary.csv,artifacts/results/mvp_frame_shuffling/mvp_frame_shuffling_videomae_vit_huge_16_224_temporal_attn_22992968/baseline_label_metrics.csv,artifacts/results/mvp_single_frame/mvp_single_frame_videomae_vit_huge_16_224_temporal_attn_22992961/baseline_label_metrics.csv
mvp,attentive,VideoMAE-v2,30,pair_consistency,91.102123,56.723964,37.735848,14.661274,83.906770,artifacts/probes/mvp/mvp_probe_temporal_attn_videomae_v2_vit_giant_16_224_lr_matrix/train_eval_summary.csv,artifacts/results/mvp_frame_shuffling/mvp_frame_shuffling_videomae_v2_vit_giant_16_224_temporal_attn_22993034/baseline_label_metrics.csv,artifacts/results/mvp_single_frame/mvp_single_frame_videomae_v2_vit_giant_16_224_temporal_attn_22993030/baseline_label_metrics.csv
mvp,attentive,LTX-Video,22,pair_consistency,84.327604,3.437816,95.923261,2.932255,96.522782,artifacts/probes/mvp/mvp_probe_temporal_attn_ltx_video_ltxv_13b_0_9_8_distilled_lr_matrix/train_eval_summary.csv,artifacts/results/mvp_frame_shuffling/mvp_frame_shuffling_ltx_video_ltxv_13b_0_9_8_distilled_temporal_attn_22992971/baseline_label_metrics.csv,artifacts/results/mvp_single_frame/mvp_single_frame_ltx_video_ltxv_13b_0_9_8_distilled_temporal_attn_22992967/baseline_label_metrics.csv
