cid,dataset,experiment,model,backbone,layer,seed42,old101,old102,new101,new102,old_std,new_std,delta_std,old_diff_from42,new_diff_from42,new101_nan,new102_nan,new101_best,new102_best,new101_first_nan,new102_first_nan,new101_best_before_nan,new102_best_before_nan,lr101,lr102
intphys2__backbone_sweep__v_jepa_2_1__vit_b_16__temporal_attn__layer_3,IntPhys2,backbone_sweep,V-JEPA 2.1,ViT-B/16,3,11.76470588235294,7.8431372549019605,23.52941176470588,7.8431372549019605,13.725490196078432,8.163396076337774,2.995147513043033,-5.168248563294741,3.9215686274509807,-0.9803921568627434,0,0,4.0,40.0,,,,,1e-4,1e-4
intphys2__backbone_sweep__v_jepa_2_1__vit_b_16__temporal_attn__layer_6,IntPhys2,backbone_sweep,V-JEPA 2.1,ViT-B/16,6,19.6078431372549,19.607843137254903,13.725490196078432,19.607843137254903,11.76470588235294,3.3961780540566213,4.52823740540883,1.1320593513522086,-2.941176470588232,-3.921568627450977,0,0,5.0,33.0,,,,,1e-4,1e-4
intphys2__backbone_sweep__v_jepa_2_1__vit_b_16__temporal_attn__layer_9,IntPhys2,backbone_sweep,V-JEPA 2.1,ViT-B/16,9,58.82352941176471,13.725490196078432,23.52941176470588,54.90196078431373,52.94117647058824,23.719277531534715,2.9951475130430327,-20.72413001849168,-40.196078431372555,-4.901960784313729,0,0,43.0,31.0,,,,,5e-5,5e-5
intphys2__backbone_sweep__v_jepa_2_1__vit_b_16__temporal_attn__layer_12,IntPhys2,backbone_sweep,V-JEPA 2.1,ViT-B/16,12,56.86274509803921,56.86274509803921,49.01960784313725,56.86274509803921,43.13725490196079,4.52823740540883,7.924415459465448,3.3961780540566178,-3.9215686274509807,-6.862745098039213,0,0,24.0,4.0,,,,,1e-4,1e-4
intphys2__backbone_sweep__v_jepa_2_1__vit_g_16__temporal_attn__layer_10,IntPhys2,backbone_sweep,V-JEPA 2.1,ViT-G/16,10,19.6078431372549,21.568627450980394,19.607843137254903,19.607843137254903,33.33333333333333,1.1320593513522084,7.9244154594654495,6.792356108113241,0.9803921568627487,6.862745098039216,0,0,16.0,53.0,,,,,1e-4,1e-4
intphys2__backbone_sweep__v_jepa_2_1__vit_g_16__temporal_attn__layer_20,IntPhys2,backbone_sweep,V-JEPA 2.1,ViT-G/16,20,39.21568627450981,49.01960784313725,47.05882352941176,47.05882352941176,39.21568627450981,5.1877476687540955,4.528237405408826,-0.6595102633452692,8.823529411764696,3.9215686274509807,0,0,4.0,2.0,,,,,5e-5,5e-5
intphys2__backbone_sweep__v_jepa_2_1__vit_g_16__temporal_attn__layer_30,IntPhys2,backbone_sweep,V-JEPA 2.1,ViT-G/16,30,52.94117647058824,50.98039215686274,62.745098039215684,52.94117647058824,62.745098039215684,6.30303971306729,5.660296756761033,-0.6427429563062566,3.9215686274509736,4.901960784313722,0,0,30.0,89.0,,,,,5e-5,5e-5
intphys2__backbone_sweep__v_jepa_2_1__vit_g_16__temporal_attn__layer_40,IntPhys2,backbone_sweep,V-JEPA 2.1,ViT-G/16,40,60.78431372549019,68.62745098039215,64.70588235294117,66.66666666666666,68.62745098039215,3.9215686274509807,4.081698038168887,0.16012941071790632,5.882352941176464,6.862745098039213,0,0,28.0,23.0,,,,,1e-4,1e-4
intphys2__backbone_sweep__videomae_v2__vit_b_16__temporal_attn__layer_3,IntPhys2,backbone_sweep,VideoMAE-v2,ViT-B/16,3,17.64705882352941,7.8431372549019605,5.88235294117647,7.8431372549019605,15.686274509803921,6.30303971306729,5.187747668754098,-1.1152920443131915,-10.784313725490193,-5.882352941176469,0,37,4.0,5.0,,9,,True,5e-4,5e-4
intphys2__backbone_sweep__videomae_v2__vit_b_16__temporal_attn__layer_6,IntPhys2,backbone_sweep,VideoMAE-v2,ViT-B/16,6,43.13725490196079,11.76470588235294,50.98039215686274,43.13725490196079,50.98039215686274,20.750990675016396,4.528237405408826,-16.22275326960757,-11.764705882352946,3.9215686274509807,0,0,30.0,6.0,,,,,5e-5,5e-5
intphys2__backbone_sweep__videomae_v2__vit_b_16__temporal_attn__layer_9,IntPhys2,backbone_sweep,VideoMAE-v2,ViT-B/16,9,52.94117647058824,54.90196078431373,54.90196078431373,60.78431372549019,54.90196078431373,1.1320593513522075,4.081698038168883,2.9496386868166757,1.9607843137254903,4.901960784313722,0,0,19.0,27.0,,,,,5e-5,5e-5
intphys2__backbone_sweep__videomae_v2__vit_b_16__temporal_attn__layer_12,IntPhys2,backbone_sweep,VideoMAE-v2,ViT-B/16,12,43.13725490196079,37.254901960784316,35.294117647058826,29.411764705882355,37.254901960784316,4.081698038168888,6.886048204478914,2.8043501663100265,-6.862745098039213,-9.803921568627452,0,0,7.0,2.0,,,,,1e-4,1e-4
intphys2__main__v_jepa__vit_h_16__temporal_attn__layer_8,IntPhys2,main,V-JEPA,ViT-H/16,8,9.803921568627452,13.725490196078432,15.686274509803921,1.9607843137254901,17.647058823529413,2.9951475130430323,7.843137254901961,4.847989741858929,4.901960784313726,0.0,36,53,1.0,4.0,6,8,True,True,5e-4,5e-4
intphys2__main__v_jepa__vit_h_16__temporal_attn__layer_16,IntPhys2,main,V-JEPA,ViT-H/16,16,66.66666666666666,56.86274509803921,56.86274509803921,68.62745098039215,58.82352941176471,5.660296756761033,5.187747668754095,-0.4725490880069385,-9.803921568627445,-2.941176470588225,0,0,5.0,1.0,,,,,1e-5,1e-5
intphys2__main__v_jepa__vit_h_16__temporal_attn__layer_24,IntPhys2,main,V-JEPA,ViT-H/16,24,64.70588235294117,62.745098039215684,60.78431372549019,52.94117647058824,58.82352941176471,1.9607843137254903,5.8823529411764675,3.921568627450977,-2.941176470588232,-8.823529411764696,0,0,19.0,23.0,,,,,1e-4,1e-4
intphys2__main__v_jepa__vit_h_16__temporal_attn__layer_32,IntPhys2,main,V-JEPA,ViT-H/16,32,52.94117647058824,52.94117647058824,52.94117647058824,56.86274509803921,60.78431372549019,0.0,3.921568627450977,3.921568627450977,0.0,5.882352941176464,0,0,30.0,4.0,,,,,1e-5,1e-5
intphys2__main__v_jepa_2__vit_g_16__temporal_attn__layer_10,IntPhys2,main,V-JEPA 2,ViT-G/16,10,1.96078431372549,13.725490196078432,7.8431372549019605,7.8431372549019605,7.8431372549019605,5.882352941176471,3.396178054056622,-2.486174887119849,8.823529411764707,5.882352941176471,0,0,32.0,63.0,,,,,1e-4,1e-4
intphys2__main__v_jepa_2__vit_g_16__temporal_attn__layer_20,IntPhys2,main,V-JEPA 2,ViT-G/16,20,9.803921568627452,15.686274509803921,11.76470588235294,5.88235294117647,17.647058823529413,2.9951475130430323,5.990295026086066,2.995147513043034,3.921568627450979,1.9607843137254903,0,0,15.0,46.0,,,,,5e-5,5e-5
intphys2__main__v_jepa_2__vit_g_16__temporal_attn__layer_30,IntPhys2,main,V-JEPA 2,ViT-G/16,30,56.86274509803921,50.98039215686274,50.98039215686274,54.90196078431373,54.90196078431373,3.396178054056622,1.1320593513522033,-2.264118702704419,-5.882352941176471,-1.9607843137254832,0,0,15.0,30.0,,,,,5e-5,5e-5
intphys2__main__v_jepa_2__vit_g_16__temporal_attn__layer_40,IntPhys2,main,V-JEPA 2,ViT-G/16,40,78.43137254901961,60.78431372549019,54.90196078431373,64.70588235294117,54.90196078431373,12.245094114506665,11.819046614395507,-0.42604750011115833,-20.588235294117652,-18.62745098039216,0,0,3.0,79.0,,,,,1e-5,1e-5
intphys2__main__v_jepa_2_1__vit_gigantic_16__temporal_attn__layer_12,IntPhys2,main,V-JEPA 2.1,ViT-Gigantic/16,12,23.52941176470588,15.686274509803921,21.568627450980394,13.725490196078432,15.686274509803921,4.081698038168888,5.187747668754098,1.1060496305852103,-4.901960784313722,-8.823529411764703,0,0,7.0,13.0,,,,,1e-5,1e-5
intphys2__main__v_jepa_2_1__vit_gigantic_16__temporal_attn__layer_24,IntPhys2,main,V-JEPA 2.1,ViT-Gigantic/16,24,50.98039215686274,49.01960784313725,52.94117647058824,49.01960784313725,52.94117647058824,1.9607843137254939,1.9607843137254939,0.0,7.105427357601002e-15,7.105427357601002e-15,0,0,87.0,85.0,,,,,1e-5,1e-5
intphys2__main__v_jepa_2_1__vit_gigantic_16__temporal_attn__layer_38,IntPhys2,main,V-JEPA 2.1,ViT-Gigantic/16,38,54.90196078431373,54.90196078431373,68.62745098039215,56.86274509803921,64.70588235294117,7.924415459465448,5.187747668754097,-2.7366677907113504,6.862745098039213,5.882352941176464,0,0,2.0,3.0,,,,,5e-5,5e-5
intphys2__main__v_jepa_2_1__vit_gigantic_16__temporal_attn__layer_48,IntPhys2,main,V-JEPA 2.1,ViT-Gigantic/16,48,60.78431372549019,52.94117647058824,50.98039215686274,56.86274509803921,58.82352941176471,5.187747668754098,1.9607843137254903,-3.226963355028608,-8.823529411764703,-2.941176470588232,0,0,6.0,18.0,,,,,1e-4,1e-4
intphys2__main__videomae__vit_h_16__temporal_attn__layer_8,IntPhys2,main,VideoMAE,ViT-H/16,8,13.72549019607843,19.607843137254903,13.725490196078432,23.52941176470588,19.607843137254903,3.396178054056623,4.934532310634476,1.5383542565778532,2.9411764705882373,7.843137254901963,0,0,5.0,50.0,,,,,1e-5,1e-5
intphys2__main__videomae__vit_h_16__temporal_attn__layer_16,IntPhys2,main,VideoMAE,ViT-H/16,16,54.90196078431373,54.90196078431373,56.86274509803921,60.78431372549019,54.90196078431373,1.1320593513522033,3.396178054056618,2.264118702704415,0.9803921568627416,2.941176470588232,0,0,12.0,9.0,,,,,5e-5,5e-5
intphys2__main__videomae__vit_h_16__temporal_attn__layer_24,IntPhys2,main,VideoMAE,ViT-H/16,24,76.47058823529412,74.50980392156863,68.62745098039215,76.47058823529412,68.62745098039215,4.081698038168889,4.52823740540883,0.44653936723994114,-4.901960784313729,-3.9215686274509807,0,0,9.0,89.0,,,,,1e-5,1e-5
intphys2__main__videomae__vit_h_16__temporal_attn__layer_32,IntPhys2,main,VideoMAE,ViT-H/16,32,41.17647058823529,39.21568627450981,43.13725490196079,33.33333333333333,37.254901960784316,1.9607843137254903,3.9215686274509807,1.9607843137254903,7.105427357601002e-15,-5.882352941176464,0,0,2.0,43.0,,,,,5e-5,5e-5
intphys2__main__videomae_v2__vit_g_16__temporal_attn__layer_10,IntPhys2,main,VideoMAE-v2,ViT-G/16,10,19.6078431372549,33.33333333333333,23.52941176470588,25.49019607843137,23.52941176470588,7.069708383262723,2.995147513043033,-4.07456087021969,8.823529411764707,4.901960784313726,0,0,16.0,26.0,,,,,1e-5,1e-5
intphys2__main__videomae_v2__vit_g_16__temporal_attn__layer_20,IntPhys2,main,VideoMAE-v2,ViT-G/16,20,62.74509803921568,33.33333333333333,33.33333333333333,62.745098039215684,50.98039215686274,16.98089027028311,6.792356108113243,-10.188534162169866,-29.411764705882348,-5.882352941176464,0,0,43.0,36.0,,,,,1e-5,1e-5
intphys2__main__videomae_v2__vit_g_16__temporal_attn__layer_30,IntPhys2,main,VideoMAE-v2,ViT-G/16,30,35.29411764705883,21.568627450980394,33.33333333333333,68.62745098039215,54.90196078431373,7.4234096023533,16.752948520230447,9.329538917877148,-7.843137254901972,26.47058823529411,0,0,67.0,31.0,,,,,1e-5,1e-5
intphys2__main__videomae_v2__vit_g_16__temporal_attn__layer_40,IntPhys2,main,VideoMAE-v2,ViT-G/16,40,41.17647058823529,35.294117647058826,35.294117647058826,33.33333333333333,49.01960784313725,3.396178054056618,7.843137254901961,4.446959200845344,-5.882352941176464,0.0,0,0,17.0,47.0,,,,,1e-5,1e-5
intphys2__same_l__v_jepa__vit_l_16__temporal_attn__layer_6,IntPhys2,same_L,V-JEPA,ViT-L/16,6,15.68627450980392,15.686274509803921,9.803921568627452,15.686274509803921,13.725490196078432,3.396178054056621,1.132059351352206,-2.264118702704415,-2.941176470588232,-0.9803921568627416,0,39,7.0,4.0,,15,,True,5e-4,5e-4
intphys2__same_l__v_jepa__vit_l_16__temporal_attn__layer_12,IntPhys2,same_L,V-JEPA,ViT-L/16,12,62.74509803921568,64.70588235294117,66.66666666666666,64.70588235294117,66.66666666666666,1.9607843137254903,1.9607843137254903,0.0,2.941176470588246,2.941176470588246,0,0,84.0,89.0,,,,,1e-5,1e-5
intphys2__same_l__v_jepa__vit_l_16__temporal_attn__layer_18,IntPhys2,same_L,V-JEPA,ViT-L/16,18,74.50980392156863,68.62745098039215,78.43137254901961,68.62745098039215,74.50980392156863,4.934532310634481,3.3961780540566266,-1.538354256577854,-0.9803921568627487,-2.941176470588246,0,0,77.0,9.0,,,,,1e-5,1e-5
intphys2__same_l__v_jepa__vit_l_16__temporal_attn__layer_24,IntPhys2,same_L,V-JEPA,ViT-L/16,24,60.78431372549019,54.90196078431373,64.70588235294117,50.98039215686274,62.745098039215684,4.934532310634474,6.3030397130672915,1.3685074024328179,-0.9803921568627416,-3.9215686274509807,0,0,8.0,7.0,,,,,1e-4,1e-4
intphys2__same_l__v_jepa_2__vit_l_16__temporal_attn__layer_6,IntPhys2,same_L,V-JEPA 2,ViT-L/16,6,19.6078431372549,11.76470588235294,17.647058823529413,15.686274509803921,27.450980392156865,4.081698038168888,5.990295026086067,1.9085969879171794,-4.901960784313722,1.9607843137254939,37,43,2.0,3.0,22,15,True,True,5e-4,5e-4
intphys2__same_l__v_jepa_2__vit_l_16__temporal_attn__layer_12,IntPhys2,same_L,V-JEPA 2,ViT-L/16,12,49.01960784313725,50.98039215686274,60.78431372549019,50.98039215686274,62.745098039215684,6.3030397130672915,7.423409602353299,1.1203698892860077,6.862745098039213,7.843137254901961,0,0,5.0,2.0,,,,,5e-5,5e-5
intphys2__same_l__v_jepa_2__vit_l_16__temporal_attn__layer_18,IntPhys2,same_L,V-JEPA 2,ViT-L/16,18,70.58823529411765,60.78431372549019,58.82352941176471,64.70588235294117,58.82352941176471,6.303039713067293,5.882352941176471,-0.42068677189082226,-10.7843137254902,-8.82352941176471,0,0,8.0,4.0,,,,,1e-5,1e-5
intphys2__same_l__v_jepa_2__vit_l_16__temporal_attn__layer_24,IntPhys2,same_L,V-JEPA 2,ViT-L/16,24,64.70588235294117,58.82352941176471,62.745098039215684,58.82352941176471,58.82352941176471,2.9951475130430287,3.396178054056618,0.4010305410135895,-3.9215686274509807,-5.882352941176464,0,0,18.0,33.0,,,,,1e-5,1e-5
intphys2__same_l__v_jepa_2_1__vit_l_16__temporal_attn__layer_6,IntPhys2,same_L,V-JEPA 2.1,ViT-L/16,6,3.92156862745098,7.8431372549019605,13.725490196078432,17.647058823529413,5.88235294117647,4.934532310634478,7.4234096023533,2.488877291718822,6.862745098039217,7.843137254901962,0,0,36.0,10.0,,,,,1e-4,1e-4
intphys2__same_l__v_jepa_2_1__vit_l_16__temporal_attn__layer_12,IntPhys2,same_L,V-JEPA 2.1,ViT-L/16,12,13.72549019607843,27.450980392156865,25.49019607843137,13.725490196078432,17.647058823529413,7.423409602353299,2.2641187027044154,-5.159290899648884,12.745098039215685,1.9607843137254921,0,0,6.0,29.0,,,,,1e-4,1e-4
intphys2__same_l__v_jepa_2_1__vit_l_16__temporal_attn__layer_18,IntPhys2,same_L,V-JEPA 2.1,ViT-L/16,18,52.94117647058824,58.82352941176471,60.78431372549019,56.86274509803921,60.78431372549019,4.081698038168885,3.921568627450977,-0.1601294107179081,6.862745098039213,5.882352941176464,0,0,2.0,87.0,,,,,5e-5,5e-5
intphys2__same_l__v_jepa_2_1__vit_l_16__temporal_attn__layer_24,IntPhys2,same_L,V-JEPA 2.1,ViT-L/16,24,58.82352941176471,68.62745098039215,66.66666666666666,76.47058823529412,66.66666666666666,5.187747668754095,8.841666182005673,3.653918513251578,8.823529411764696,12.745098039215677,0,0,4.0,88.0,,,,,5e-5,5e-5
intphys2__same_l__videomae__vit_l_16__temporal_attn__layer_6,IntPhys2,same_L,VideoMAE,ViT-L/16,6,17.64705882352941,21.568627450980394,15.686274509803921,5.88235294117647,7.8431372549019605,2.995147513043034,6.30303971306729,3.3078922000242557,0.9803921568627487,-10.784313725490193,4,0,32.0,42.0,41,,True,,5e-4,5e-4
intphys2__same_l__videomae__vit_l_16__temporal_attn__layer_12,IntPhys2,same_L,VideoMAE,ViT-L/16,12,7.84313725490196,1.9607843137254901,19.607843137254903,0.0,0.0,8.9854425391291,4.528237405408829,-4.4572051337202705,2.9411764705882373,-7.84313725490196,0,0,14.0,41.0,,,,,5e-4,5e-4
intphys2__same_l__videomae__vit_l_16__temporal_attn__layer_18,IntPhys2,same_L,VideoMAE,ViT-L/16,18,62.74509803921568,64.70588235294117,58.82352941176471,64.70588235294117,52.94117647058824,2.9951475130430283,6.303039713067286,3.307892200024258,-0.9803921568627345,-3.9215686274509665,0,0,22.0,8.0,,,,,5e-5,5e-5
intphys2__same_l__videomae__vit_l_16__temporal_attn__layer_24,IntPhys2,same_L,VideoMAE,ViT-L/16,24,68.62745098039215,45.09803921568628,60.78431372549019,74.50980392156863,66.66666666666666,11.980590052172127,4.081698038168895,-7.898892014003232,-15.686274509803923,1.9607843137254974,0,0,40.0,10.0,,,,,5e-5,5e-5
intphys2__same_l__videomae_v2__vit_l_16__temporal_attn__layer_6,IntPhys2,same_L,VideoMAE-v2,ViT-L/16,6,7.84313725490196,1.9607843137254901,3.9215686274509802,0.0,9.803921568627452,2.995147513043032,5.187747668754099,2.1926001557110673,-4.901960784313724,-2.9411764705882337,0,58,5.0,1.0,,6,,True,5e-4,5e-4
intphys2__same_l__videomae_v2__vit_l_16__temporal_attn__layer_12,IntPhys2,same_L,VideoMAE-v2,ViT-L/16,12,47.05882352941176,5.88235294117647,50.98039215686274,52.94117647058824,47.05882352941176,24.982372357668485,3.3961780540566266,-21.586194303611858,-18.627450980392155,2.941176470588239,0,0,39.0,10.0,,,,,1e-4,1e-4
intphys2__same_l__videomae_v2__vit_l_16__temporal_attn__layer_18,IntPhys2,same_L,VideoMAE-v2,ViT-L/16,18,54.90196078431373,60.78431372549019,54.90196078431373,58.82352941176471,56.86274509803921,3.396178054056618,1.9607843137254903,-1.4353937403311279,2.941176470588232,2.941176470588232,0,0,1.0,3.0,,,,,1e-5,1e-5
intphys2__same_l__videomae_v2__vit_l_16__temporal_attn__layer_24,IntPhys2,same_L,VideoMAE-v2,ViT-L/16,24,31.37254901960784,19.607843137254903,25.49019607843137,17.647058823529413,23.52941176470588,5.8823529411764675,6.886048204478911,1.0036952633024434,-8.823529411764703,-10.784313725490193,0,0,23.0,28.0,,,,,1e-4,1e-4
mvp__backbone_sweep__jepa_v2_1__vitb_384__temporal_attn__layer_3,MVP,backbone_sweep,V-JEPA 2.1,ViT-B/16,3,52.37613751263903,48.634984833164815,50.6572295247725,49.54499494438827,50.6572295247725,1.872624790440055,1.4263635975395252,-0.4462611929005298,-2.7300303336703777,-2.2750252780586493,0,0,1.0,28.0,,,,,0.0001,0.0001
mvp__backbone_sweep__jepa_v2_1__vitb_384__temporal_attn__layer_6,MVP,backbone_sweep,V-JEPA 2.1,ViT-B/16,6,87.36097067745197,77.04752275025278,71.58746208291204,77.04752275025278,71.58746208291204,8.010233496597918,8.010233496597918,0.0,-13.043478260869563,-13.043478260869563,0,0,29.0,30.0,,,,,0.0001,0.0001
mvp__backbone_sweep__jepa_v2_1__vitb_384__temporal_attn__layer_12,MVP,backbone_sweep,V-JEPA 2.1,ViT-B/16,12,91.40546006066734,89.28210313447927,89.68655207280081,89.28210313447927,89.68655207280081,1.1274505347945878,1.1274505347945878,0.0,-1.9211324570272978,-1.9211324570272978,0,0,30.0,30.0,,,,,0.0001,0.0001
mvp__backbone_sweep__jepa_v2_1__vitg_384__temporal_attn__layer_10,MVP,backbone_sweep,V-JEPA 2.1,ViT-G/16,10,53.99393326592518,54.903943377148636,48.7360970677452,54.903943377148636,48.7360970677452,3.329546715541577,3.329546715541577,0.0,-2.173913043478265,-2.173913043478265,0,0,30.0,28.0,,,,,1.0000000000000001e-05,1.0000000000000001e-05
mvp__backbone_sweep__jepa_v2_1__vitg_384__temporal_attn__layer_20,MVP,backbone_sweep,V-JEPA 2.1,ViT-G/16,20,74.11526794742164,76.54196157735086,75.12639029322547,76.54196157735086,75.12639029322547,1.2189512180670787,1.2189512180670787,0.0,1.7189079878665154,1.7189079878665154,0,0,30.0,30.0,,,,,1.0000000000000001e-05,1.0000000000000001e-05
mvp__backbone_sweep__jepa_v2_1__vitg_384__temporal_attn__layer_30,MVP,backbone_sweep,V-JEPA 2.1,ViT-G/16,30,93.12436804853387,70.27300303336703,90.49544994944388,70.27300303336703,90.49544994944388,12.503622493112811,12.503622493112811,0.0,-12.74014155712841,-12.74014155712841,0,0,29.0,29.0,,,,,5.0000000000000002e-05,5.0000000000000002e-05
mvp__backbone_sweep__jepa_v2_1__vitg_384__temporal_attn__layer_40,MVP,backbone_sweep,V-JEPA 2.1,ViT-G/16,40,92.11324570273003,84.93427704752276,91.30434782608695,84.93427704752276,91.30434782608695,3.932126406310027,3.932126406310027,0.0,-3.993933265925179,-3.993933265925179,0,0,30.0,25.0,,,,,0.0001,0.0001
mvp__backbone_sweep__videomae_v2__vit_base_16_224__temporal_attn__layer_3,MVP,backbone_sweep,VideoMAE-v2,ViT-B/16,3,68.25075834175935,71.28412537917089,70.27300303336703,71.28412537917089,70.27300303336703,1.5445148955024781,1.5445148955024781,0.0,2.5278058645096024,2.5278058645096024,0,0,25.0,30.0,,,,,1.0000000000000001e-05,1.0000000000000001e-05
mvp__backbone_sweep__videomae_v2__vit_base_16_224__temporal_attn__layer_6,MVP,backbone_sweep,VideoMAE-v2,ViT-B/16,6,73.7108190091001,76.64307381193125,73.1041456016178,76.64307381193125,73.1041456016178,1.892537262064906,1.892537262064906,0.0,1.16279069767441,1.16279069767441,0,0,29.0,26.0,,,,,1.0000000000000001e-05,1.0000000000000001e-05
mvp__backbone_sweep__videomae_v2__vit_base_16_224__temporal_attn__layer_9,MVP,backbone_sweep,VideoMAE-v2,ViT-B/16,9,85.74317492416583,87.46208291203236,85.23761375126391,87.46208291203236,85.23761375126391,1.1660831743853166,1.1660831743853166,0.0,0.6066734074823046,0.6066734074823046,0,0,26.0,25.0,,,,,1.0000000000000001e-05,1.0000000000000001e-05
mvp__backbone_sweep__videomae_v2__vit_base_16_224__temporal_attn__layer_12,MVP,backbone_sweep,VideoMAE-v2,ViT-B/16,12,75.12639029322547,68.85743174924166,70.87967644084934,68.85743174924166,70.87967644084934,3.1995805288320334,3.1995805288320334,0.0,-5.257836198179973,-5.257836198179973,0,0,29.0,26.0,,,,,0.0001,0.0001
mvp__same_l__jepa_v1__vitl16_224__temporal_attn__layer_6,MVP,same_L,V-JEPA,ViT-L/16,6,73.81193124368049,76.44084934277048,76.13751263902932,76.44084934277048,76.13751263902932,1.4382600804416477,1.4382600804416477,0.0,2.4772497472194033,2.4772497472194033,0,0,29.0,29.0,,,,,1.0000000000000001e-05,1.0000000000000001e-05
mvp__same_l__jepa_v1__vitl16_224__temporal_attn__layer_12,MVP,same_L,V-JEPA,ViT-L/16,12,92.21435793731041,91.70879676440849,90.3943377148635,91.70879676440849,90.3943377148635,0.9394917333849907,0.9394917333849907,0.0,-1.16279069767441,-1.16279069767441,0,0,27.0,27.0,,,,,1.0000000000000001e-05,1.0000000000000001e-05
mvp__same_l__jepa_v1__vitl16_224__temporal_attn__layer_18,MVP,same_L,V-JEPA,ViT-L/16,18,93.83215369059657,93.52881698685542,94.13549039433772,93.52881698685542,93.02325581395348,0.3033367037411523,0.40864023097345303,0.10530352723230074,0.0,-0.5561172901921196,0,0,29.0,1.0,,,,,5.0000000000000002e-05,5.0000000000000002e-05
mvp__same_l__jepa_v1__vitl16_224__temporal_attn__layer_24,MVP,same_L,V-JEPA,ViT-L/16,24,93.42770475227502,91.30434782608695,87.25985844287159,91.30434782608695,87.25985844287159,3.1333918550391506,3.1333918550391506,0.0,-4.145601617795748,-4.145601617795748,0,0,29.0,30.0,,,,,0.0001,0.0001
mvp__same_l__jepa_v2__vitl_256__temporal_attn__layer_6,MVP,same_L,V-JEPA 2,ViT-L/16,6,52.78058645096056,43.882709807886755,52.27502527805864,50.55611729019211,55.71284125379171,4.9976454423690155,2.5864448996224705,-2.411200542746545,-4.7017189079878605,0.35389282103134434,0,0,2.0,2.0,,,,,5.0000000000000002e-05,5.0000000000000002e-05
mvp__same_l__jepa_v2__vitl_256__temporal_attn__layer_12,MVP,same_L,V-JEPA 2,ViT-L/16,12,86.85540950455005,84.12537917087968,75.83417593528817,87.36097067745197,78.26086956521739,5.739696654366391,5.114253759856259,-0.6254428945101314,-6.875631951466133,-4.044489383215378,0,0,5.0,3.0,,,,,5.0000000000000002e-05,5.0000000000000002e-05
mvp__same_l__jepa_v2__vitl_256__temporal_attn__layer_18,MVP,same_L,V-JEPA 2,ViT-L/16,18,93.32659251769464,92.61880687563195,94.13549039433772,92.61880687563195,94.13549039433772,0.7589032860935487,0.7589032860935487,0.0,0.050556117290199154,0.050556117290199154,0,0,27.0,27.0,,,,,0.0001,0.0001
mvp__same_l__jepa_v2__vitl_256__temporal_attn__layer_24,MVP,same_L,V-JEPA 2,ViT-L/16,24,92.82103134479271,93.62992922143579,93.93326592517694,93.62992922143579,92.61880687563195,0.5749485038500829,0.5350356544114433,-0.0399128494386396,0.9605662285136418,0.3033367037411523,0,0,28.0,3.0,,,,,1.0000000000000001e-05,1.0000000000000001e-05
mvp__same_l__jepa_v2_1__vitl_384__temporal_attn__layer_6,MVP,same_L,V-JEPA 2.1,ViT-L/16,6,57.63397371081901,12.841253791708795,0.10111223458038424,59.75733063700708,53.69059656218403,30.217900639332935,3.078531313981462,-27.139369325351474,-51.162790697674424,-0.910010111223464,0,0,21.0,17.0,,,,,0.0001,0.0001
mvp__same_l__jepa_v2_1__vitl_384__temporal_attn__layer_12,MVP,same_L,V-JEPA 2.1,ViT-L/16,12,87.1587462082912,78.36198179979777,78.76643073811931,78.26086956521739,78.76643073811931,4.9661789797444325,4.997645442369019,0.03146646262458663,-8.594539939332662,-8.645096056622862,0,0,5.0,27.0,,,,,5.0000000000000002e-05,5.0000000000000002e-05
mvp__same_l__jepa_v2_1__vitl_384__temporal_attn__layer_18,MVP,same_L,V-JEPA 2.1,ViT-L/16,18,89.38321536905966,52.88169868554095,79.97977755308392,60.97067745197169,84.22649140546005,18.952094173062143,15.136583694072604,-3.8155104789895393,-22.95247724974722,-16.78463094034379,0,0,7.0,4.0,,,,,5.0000000000000002e-05,5.0000000000000002e-05
mvp__same_l__jepa_v2_1__vitl_384__temporal_attn__layer_24,MVP,same_L,V-JEPA 2.1,ViT-L/16,24,93.62992922143579,84.42871587462083,91.70879676440849,84.42871587462083,92.11324570273003,4.853738331308848,4.933130423112339,0.07939209180349138,-5.561172901921125,-5.358948432760357,0,0,30.0,1.0,,,,,5.0000000000000002e-05,5.0000000000000002e-05
mvp__same_l__videomae__vit_large_16_224__temporal_attn__layer_6,MVP,same_L,VideoMAE,ViT-L/16,6,69.05965621840244,65.31850353892821,67.03741152679474,65.31850353892821,67.03741152679474,1.8726247904400588,1.8726247904400588,0.0,-2.881698685540954,-2.881698685540954,0,0,30.0,25.0,,,,,1.0000000000000001e-05,1.0000000000000001e-05
mvp__same_l__videomae__vit_large_16_224__temporal_attn__layer_12,MVP,same_L,VideoMAE,ViT-L/16,12,76.23862487360971,76.84529828109201,71.48634984833164,78.36198179979777,73.40748230535895,2.934578301454705,2.4856614853376837,-0.44891681611702117,-2.072800808897881,-0.35389282103135145,0,0,1.0,1.0,,,,,1.0000000000000001e-05,1.0000000000000001e-05
mvp__same_l__videomae__vit_large_16_224__temporal_attn__layer_18,MVP,same_L,VideoMAE,ViT-L/16,18,85.13650151668351,84.73205257836199,87.36097067745197,84.73205257836199,87.8665318503539,1.4155712841253805,1.704973356244253,0.2894020721188726,0.9100101112234711,1.1627906976744242,0,0,30.0,2.0,,,,,1.0000000000000001e-05,1.0000000000000001e-05
mvp__same_l__videomae__vit_large_16_224__temporal_attn__layer_24,MVP,same_L,VideoMAE,ViT-L/16,24,89.88877654196158,90.19211324570273,89.28210313447927,90.19211324570273,89.28210313447927,0.4633544686507416,0.4633544686507416,0.0,-0.15166835187058325,-0.15166835187058325,0,0,29.0,29.0,,,,,1.0000000000000001e-05,1.0000000000000001e-05
mvp__same_l__videomae_v2__vit_large_16_224__temporal_attn__layer_6,MVP,same_L,VideoMAE-v2,ViT-L/16,6,60.76845298281091,61.57735085945399,55.61172901921132,61.57735085945399,55.61172901921132,3.236118089944093,3.236118089944093,0.0,-2.173913043478258,-2.173913043478258,0,0,26.0,29.0,,,,,1.0000000000000001e-05,1.0000000000000001e-05
mvp__same_l__videomae_v2__vit_large_16_224__temporal_attn__layer_12,MVP,same_L,VideoMAE-v2,ViT-L/16,12,75.93528816986856,61.27401415571284,54.095045500505556,63.80182002022244,60.06066734074823,11.131687102795564,8.298803720797702,-2.8328833819978616,-18.250758341759358,-14.004044489383219,0,0,8.0,14.0,,,,,5.0000000000000002e-05,5.0000000000000002e-05
mvp__same_l__videomae_v2__vit_large_16_224__temporal_attn__layer_18,MVP,same_L,VideoMAE-v2,ViT-L/16,18,87.36097067745197,87.36097067745197,86.65318503538928,89.58543983822042,86.65318503538928,0.40864023097344543,1.5301057583843818,1.1214655274109364,-0.35389282103133723,0.7583417593528736,0,0,2.0,26.0,,,,,1.0000000000000001e-05,1.0000000000000001e-05
mvp__same_l__videomae_v2__vit_large_16_224__temporal_attn__layer_24,MVP,same_L,VideoMAE-v2,ViT-L/16,24,83.72093023255815,77.85642062689585,77.24974721941355,77.85642062689585,77.24974721941355,3.57390391420602,3.57390391420602,0.0,-6.167846309403444,-6.167846309403444,0,0,25.0,29.0,,,,,5.0000000000000002e-05,5.0000000000000002e-05
