config_id,dataset,experiment,model,backbone,probe,layer,n_final_seeds,final_seeds,old_test_primary_mean,old_test_primary_std,final_test_primary_mean,final_test_primary_std,old_test_accuracy_mean,old_test_accuracy_std,final_test_accuracy_mean,final_test_accuracy_std,seed42_test_primary,seed101102_final_test_primary_mean,seed101102_final_minus_seed42,final_test_primary_values,old_test_primary_values,final_test_accuracy_values
intphys2__backbone_sweep__v_jepa_2_1__vit_b_16__temporal_attn__layer_3,IntPhys2,backbone_sweep,V-JEPA 2.1,ViT-B/16,Attentive,3,3,"42,101,102",14.38,8.16,11.11,3.00,50.16,0.28,50.16,0.28,11.76,10.78,-0.98,"11.76,7.84,13.73","11.76,7.84,23.53","50.00,50.00,50.49"
intphys2__backbone_sweep__v_jepa_2_1__vit_b_16__temporal_attn__layer_6,IntPhys2,backbone_sweep,V-JEPA 2.1,ViT-B/16,Attentive,6,3,"42,101,102",17.65,3.40,16.99,4.53,49.67,0.57,49.67,0.57,19.61,15.69,-3.92,"19.61,19.61,11.76","19.61,19.61,13.73","50.00,50.00,49.02"
intphys2__backbone_sweep__v_jepa_2_1__vit_b_16__temporal_attn__layer_9,IntPhys2,backbone_sweep,V-JEPA 2.1,ViT-B/16,Attentive,9,3,"42,101,102",32.03,23.72,55.56,3.00,57.84,14.01,75.33,2.26,58.82,53.92,-4.90,"58.82,54.90,52.94","58.82,13.73,23.53","74.02,74.02,77.94"
intphys2__backbone_sweep__v_jepa_2_1__vit_b_16__temporal_attn__layer_12,IntPhys2,backbone_sweep,V-JEPA 2.1,ViT-B/16,Attentive,12,3,"42,101,102",54.25,4.53,52.29,7.92,71.24,3.44,71.24,3.74,56.86,50.00,-6.86,"56.86,56.86,43.14","56.86,56.86,49.02","74.51,72.06,67.16"
intphys2__backbone_sweep__v_jepa_2_1__vit_g_16__temporal_attn__layer_10,IntPhys2,backbone_sweep,V-JEPA 2.1,ViT-G/16,Attentive,10,3,"42,101,102",20.26,1.13,24.18,7.92,56.54,1.50,55.23,3.26,19.61,26.47,6.86,"19.61,19.61,33.33","19.61,21.57,19.61","56.86,51.47,57.35"
intphys2__backbone_sweep__v_jepa_2_1__vit_g_16__temporal_attn__layer_20,IntPhys2,backbone_sweep,V-JEPA 2.1,ViT-G/16,Attentive,20,3,"42,101,102",45.10,5.19,41.83,4.53,67.48,3.00,67.48,4.08,39.22,43.14,3.92,"39.22,47.06,39.22","39.22,49.02,47.06","64.22,72.06,66.18"
intphys2__backbone_sweep__v_jepa_2_1__vit_g_16__temporal_attn__layer_30,IntPhys2,backbone_sweep,V-JEPA 2.1,ViT-G/16,Attentive,30,3,"42,101,102",55.56,6.30,56.21,5.66,74.35,1.23,74.67,1.42,52.94,57.84,4.90,"52.94,52.94,62.75","52.94,50.98,62.75","73.04,75.49,75.49"
intphys2__backbone_sweep__v_jepa_2_1__vit_g_16__temporal_attn__layer_40,IntPhys2,backbone_sweep,V-JEPA 2.1,ViT-G/16,Attentive,40,3,"42,101,102",64.71,3.92,65.36,4.08,75.98,1.30,77.12,2.32,60.78,67.65,6.86,"60.78,66.67,68.63","60.78,68.63,64.71","74.51,77.94,78.92"
intphys2__backbone_sweep__videomae_v2__vit_b_16__temporal_attn__layer_3,IntPhys2,backbone_sweep,VideoMAE-v2,ViT-B/16,Attentive,3,3,"42,101,102",10.46,6.30,13.73,5.19,48.86,3.19,49.67,0.57,17.65,11.76,-5.88,"17.65,7.84,15.69","17.65,7.84,5.88","49.02,50.00,50.00"
intphys2__backbone_sweep__videomae_v2__vit_b_16__temporal_attn__layer_6,IntPhys2,backbone_sweep,VideoMAE-v2,ViT-B/16,Attentive,6,3,"42,101,102",35.29,20.75,45.75,4.53,60.29,9.00,65.36,2.70,43.14,47.06,3.92,"43.14,43.14,50.98","43.14,11.76,50.98","66.67,67.16,62.25"
intphys2__backbone_sweep__videomae_v2__vit_b_16__temporal_attn__layer_9,IntPhys2,backbone_sweep,VideoMAE-v2,ViT-B/16,Attentive,9,3,"42,101,102",54.25,1.13,56.21,4.08,69.61,2.14,68.63,3.43,52.94,57.84,4.90,"52.94,60.78,54.90","52.94,54.90,54.90","71.08,70.10,64.71"
intphys2__backbone_sweep__videomae_v2__vit_b_16__temporal_attn__layer_12,IntPhys2,backbone_sweep,VideoMAE-v2,ViT-B/16,Attentive,12,3,"42,101,102",38.56,4.08,36.60,6.89,60.62,1.86,59.15,3.15,43.14,33.33,-9.80,"43.14,29.41,37.25","43.14,37.25,35.29","62.75,56.86,57.84"
intphys2__main__v_jepa__vit_h_16__temporal_attn__layer_8,IntPhys2,main,V-JEPA,ViT-H/16,Attentive,8,3,"42,101,102",13.07,3.00,9.80,7.84,48.37,2.04,48.53,2.14,9.80,9.80,0.00,"9.80,1.96,17.65","9.80,13.73,15.69","46.08,49.51,50.00"
intphys2__main__v_jepa__vit_h_16__temporal_attn__layer_16,IntPhys2,main,V-JEPA,ViT-H/16,Attentive,16,3,"42,101,102",60.13,5.66,64.71,5.19,77.78,2.42,77.45,3.43,66.67,63.73,-2.94,"66.67,68.63,58.82","66.67,56.86,56.86","78.92,79.90,73.53"
intphys2__main__v_jepa__vit_h_16__temporal_attn__layer_24,IntPhys2,main,V-JEPA,ViT-H/16,Attentive,24,3,"42,101,102",62.75,1.96,58.82,5.88,75.98,2.73,75.00,2.73,64.71,55.88,-8.82,"64.71,52.94,58.82","64.71,62.75,60.78","75.49,72.06,77.45"
intphys2__main__v_jepa__vit_h_16__temporal_attn__layer_32,IntPhys2,main,V-JEPA,ViT-H/16,Attentive,32,3,"42,101,102",52.94,0.00,56.86,3.92,71.73,1.50,72.55,2.25,52.94,58.82,5.88,"52.94,56.86,60.78","52.94,52.94,52.94","72.06,70.59,75.00"
intphys2__main__v_jepa_2__vit_g_16__temporal_attn__layer_10,IntPhys2,main,V-JEPA 2,ViT-G/16,Attentive,10,3,"42,101,102",7.84,5.88,5.88,3.40,50.33,0.28,50.00,0.49,1.96,7.84,5.88,"1.96,7.84,7.84","1.96,13.73,7.84","50.49,49.51,50.00"
intphys2__main__v_jepa_2__vit_g_16__temporal_attn__layer_20,IntPhys2,main,V-JEPA 2,ViT-G/16,Attentive,20,3,"42,101,102",12.42,3.00,11.11,5.99,49.67,0.28,49.84,0.28,9.80,11.76,1.96,"9.80,5.88,17.65","9.80,15.69,11.76","49.51,50.00,50.00"
intphys2__main__v_jepa_2__vit_g_16__temporal_attn__layer_30,IntPhys2,main,V-JEPA 2,ViT-G/16,Attentive,30,3,"42,101,102",52.94,3.40,55.56,1.13,73.04,0.98,75.65,2.04,56.86,54.90,-1.96,"56.86,54.90,54.90","56.86,50.98,50.98","74.02,75.00,77.94"
intphys2__main__v_jepa_2__vit_g_16__temporal_attn__layer_40,IntPhys2,main,V-JEPA 2,ViT-G/16,Attentive,40,3,"42,101,102",64.71,12.25,66.01,11.82,78.27,5.24,77.61,5.15,78.43,59.80,-18.63,"78.43,64.71,54.90","78.43,60.78,54.90","82.84,77.45,72.55"
intphys2__main__v_jepa_2_1__vit_gigantic_16__temporal_attn__layer_12,IntPhys2,main,V-JEPA 2.1,ViT-Gigantic/16,Attentive,12,3,"42,101,102",20.26,4.08,17.65,5.19,55.39,0.85,56.21,0.28,23.53,14.71,-8.82,"23.53,13.73,15.69","23.53,15.69,21.57","55.88,56.37,56.37"
intphys2__main__v_jepa_2_1__vit_gigantic_16__temporal_attn__layer_24,IntPhys2,main,V-JEPA 2.1,ViT-Gigantic/16,Attentive,24,3,"42,101,102",50.98,1.96,50.98,1.96,66.34,5.03,66.34,5.03,50.98,50.98,0.00,"50.98,49.02,52.94","50.98,49.02,52.94","60.78,67.65,70.59"
intphys2__main__v_jepa_2_1__vit_gigantic_16__temporal_attn__layer_38,IntPhys2,main,V-JEPA 2.1,ViT-Gigantic/16,Attentive,38,3,"42,101,102",59.48,7.92,58.82,5.19,73.37,3.61,75.49,4.01,54.90,60.78,5.88,"54.90,56.86,64.71","54.90,54.90,68.63","72.06,74.51,79.90"
intphys2__main__v_jepa_2_1__vit_gigantic_16__temporal_attn__layer_48,IntPhys2,main,V-JEPA 2.1,ViT-Gigantic/16,Attentive,48,3,"42,101,102",54.90,5.19,58.82,1.96,72.55,0.98,71.73,2.32,60.78,57.84,-2.94,"60.78,56.86,58.82","60.78,52.94,50.98","72.55,69.12,73.53"
intphys2__main__videomae__vit_h_16__temporal_attn__layer_8,IntPhys2,main,VideoMAE,ViT-H/16,Attentive,8,3,"42,101,102",15.69,3.40,18.95,4.93,51.14,0.28,52.12,1.02,13.73,21.57,7.84,"13.73,23.53,19.61","13.73,19.61,13.73","50.98,52.94,52.45"
intphys2__main__videomae__vit_h_16__temporal_attn__layer_16,IntPhys2,main,VideoMAE,ViT-H/16,Attentive,16,3,"42,101,102",55.56,1.13,56.86,3.40,72.39,4.11,70.75,2.79,54.90,57.84,2.94,"54.90,60.78,54.90","54.90,54.90,56.86","67.65,71.57,73.04"
intphys2__main__videomae__vit_h_16__temporal_attn__layer_24,IntPhys2,main,VideoMAE,ViT-H/16,Attentive,24,3,"42,101,102",73.20,4.08,73.86,4.53,81.05,0.28,82.03,1.98,76.47,72.55,-3.92,"76.47,76.47,68.63","76.47,74.51,68.63","80.88,84.31,80.88"
intphys2__main__videomae__vit_h_16__temporal_attn__layer_32,IntPhys2,main,VideoMAE,ViT-H/16,Attentive,32,3,"42,101,102",41.18,1.96,37.25,3.92,60.62,1.86,60.78,1.30,41.18,35.29,-5.88,"41.18,33.33,37.25","41.18,39.22,43.14","59.80,60.29,62.25"
intphys2__main__videomae_v2__vit_g_16__temporal_attn__layer_10,IntPhys2,main,VideoMAE-v2,ViT-G/16,Attentive,10,3,"42,101,102",25.49,7.07,22.88,3.00,50.98,0.00,52.29,1.23,19.61,24.51,4.90,"19.61,25.49,23.53","19.61,33.33,23.53","50.98,53.43,52.45"
intphys2__main__videomae_v2__vit_g_16__temporal_attn__layer_20,IntPhys2,main,VideoMAE-v2,ViT-G/16,Attentive,20,3,"42,101,102",43.14,16.98,58.82,6.79,58.50,12.21,69.61,4.27,62.75,56.86,-5.88,"62.75,62.75,50.98","62.75,33.33,33.33","72.55,71.57,64.71"
intphys2__main__videomae_v2__vit_g_16__temporal_attn__layer_30,IntPhys2,main,VideoMAE-v2,ViT-G/16,Attentive,30,3,"42,101,102",30.07,7.42,52.94,16.75,50.49,0.98,65.36,12.44,35.29,61.76,26.47,"35.29,68.63,54.90","35.29,21.57,33.33","51.47,75.49,69.12"
intphys2__main__videomae_v2__vit_g_16__temporal_attn__layer_40,IntPhys2,main,VideoMAE-v2,ViT-G/16,Attentive,40,3,"42,101,102",37.25,3.40,41.18,7.84,51.63,1.42,53.59,1.58,41.18,41.18,0.00,"41.18,33.33,49.02","41.18,35.29,35.29","52.45,52.94,55.39"
intphys2__same_l__v_jepa__vit_l_16__temporal_attn__layer_6,IntPhys2,same_L,V-JEPA,ViT-L/16,Attentive,6,3,"42,101,102",13.73,3.40,15.03,1.13,51.31,2.87,50.00,2.25,15.69,14.71,-0.98,"15.69,15.69,13.73","15.69,15.69,9.80","52.45,49.51,48.04"
intphys2__same_l__v_jepa__vit_l_16__temporal_attn__layer_12,IntPhys2,same_L,V-JEPA,ViT-L/16,Attentive,12,3,"42,101,102",64.71,1.96,64.71,1.96,77.12,0.57,77.12,0.57,62.75,65.69,2.94,"62.75,64.71,66.67","62.75,64.71,66.67","77.45,77.45,76.47"
intphys2__same_l__v_jepa__vit_l_16__temporal_attn__layer_18,IntPhys2,same_L,V-JEPA,ViT-L/16,Attentive,18,3,"42,101,102",73.86,4.93,72.55,3.40,80.88,2.73,82.52,4.23,74.51,71.57,-2.94,"74.51,68.63,74.51","74.51,68.63,78.43","83.33,77.94,86.27"
intphys2__same_l__v_jepa__vit_l_16__temporal_attn__layer_24,IntPhys2,same_L,V-JEPA,ViT-L/16,Attentive,24,3,"42,101,102",60.13,4.93,58.17,6.30,75.00,8.62,75.33,4.96,60.78,56.86,-3.92,"60.78,50.98,62.75","60.78,54.90,64.71","78.43,69.61,77.94"
intphys2__same_l__v_jepa_2__vit_l_16__temporal_attn__layer_6,IntPhys2,same_L,V-JEPA 2,ViT-L/16,Attentive,6,3,"42,101,102",16.34,4.08,20.92,5.99,50.16,2.70,48.69,1.02,19.61,21.57,1.96,"19.61,15.69,27.45","19.61,11.76,17.65","47.55,49.02,49.51"
intphys2__same_l__v_jepa_2__vit_l_16__temporal_attn__layer_12,IntPhys2,same_L,V-JEPA 2,ViT-L/16,Attentive,12,3,"42,101,102",53.59,6.30,54.25,7.42,70.59,1.47,71.90,4.08,49.02,56.86,7.84,"49.02,50.98,62.75","49.02,50.98,60.78","70.59,68.63,76.47"
intphys2__same_l__v_jepa_2__vit_l_16__temporal_attn__layer_18,IntPhys2,same_L,V-JEPA 2,ViT-L/16,Attentive,18,3,"42,101,102",63.40,6.30,64.71,5.88,77.45,5.12,76.96,5.52,70.59,61.76,-8.82,"70.59,64.71,58.82","70.59,60.78,58.82","83.33,74.02,73.53"
intphys2__same_l__v_jepa_2__vit_l_16__temporal_attn__layer_24,IntPhys2,same_L,V-JEPA 2,ViT-L/16,Attentive,24,3,"42,101,102",62.09,3.00,60.78,3.40,72.71,1.72,73.69,3.26,64.71,58.82,-5.88,"64.71,58.82,58.82","64.71,58.82,62.75","74.51,76.47,70.10"
intphys2__same_l__v_jepa_2_1__vit_l_16__temporal_attn__layer_6,IntPhys2,same_L,V-JEPA 2.1,ViT-L/16,Attentive,6,3,"42,101,102",8.50,4.93,9.15,7.42,50.16,0.28,49.67,0.57,3.92,11.76,7.84,"3.92,17.65,5.88","3.92,7.84,13.73","50.00,49.02,50.00"
intphys2__same_l__v_jepa_2_1__vit_l_16__temporal_attn__layer_12,IntPhys2,same_L,V-JEPA 2.1,ViT-L/16,Attentive,12,3,"42,101,102",22.22,7.42,15.03,2.26,50.49,0.00,50.65,0.75,13.73,15.69,1.96,"13.73,13.73,17.65","13.73,27.45,25.49","50.49,50.00,51.47"
intphys2__same_l__v_jepa_2_1__vit_l_16__temporal_attn__layer_18,IntPhys2,same_L,V-JEPA 2.1,ViT-L/16,Attentive,18,3,"42,101,102",57.52,4.08,56.86,3.92,76.47,2.25,75.98,2.94,52.94,58.82,5.88,"52.94,56.86,60.78","52.94,58.82,60.78","75.98,73.04,78.92"
intphys2__same_l__v_jepa_2_1__vit_l_16__temporal_attn__layer_24,IntPhys2,same_L,V-JEPA 2.1,ViT-L/16,Attentive,24,3,"42,101,102",64.71,5.19,67.32,8.84,75.82,3.00,77.29,5.20,58.82,71.57,12.75,"58.82,76.47,66.67","58.82,68.63,66.67","72.55,82.84,76.47"
intphys2__same_l__videomae__vit_l_16__temporal_attn__layer_6,IntPhys2,same_L,VideoMAE,ViT-L/16,Attentive,6,3,"42,101,102",18.30,3.00,10.46,6.30,51.47,1.30,50.00,2.94,17.65,6.86,-10.78,"17.65,5.88,7.84","17.65,21.57,15.69","52.94,50.00,47.06"
intphys2__same_l__videomae__vit_l_16__temporal_attn__layer_12,IntPhys2,same_L,VideoMAE,ViT-L/16,Attentive,12,3,"42,101,102",9.80,8.99,2.61,4.53,47.71,3.71,48.20,2.70,7.84,0.00,-7.84,"7.84,0.00,0.00","7.84,1.96,19.61","45.10,49.51,50.00"
intphys2__same_l__videomae__vit_l_16__temporal_attn__layer_18,IntPhys2,same_L,VideoMAE,ViT-L/16,Attentive,18,3,"42,101,102",62.09,3.00,60.13,6.30,75.33,2.26,75.65,2.21,62.75,58.82,-3.92,"62.75,64.71,52.94","62.75,64.71,58.82","77.94,75.49,73.53"
intphys2__same_l__videomae__vit_l_16__temporal_attn__layer_24,IntPhys2,same_L,VideoMAE,ViT-L/16,Attentive,24,3,"42,101,102",58.17,11.98,69.93,4.08,67.65,14.96,78.27,2.83,68.63,70.59,1.96,"68.63,74.51,66.67","68.63,45.10,60.78","79.90,75.00,79.90"
intphys2__same_l__videomae_v2__vit_l_16__temporal_attn__layer_6,IntPhys2,same_L,VideoMAE-v2,ViT-L/16,Attentive,6,3,"42,101,102",4.58,3.00,5.88,5.19,49.02,1.47,49.67,0.57,7.84,4.90,-2.94,"7.84,0.00,9.80","7.84,1.96,3.92","49.02,50.00,50.00"
intphys2__same_l__videomae_v2__vit_l_16__temporal_attn__layer_12,IntPhys2,same_L,VideoMAE-v2,ViT-L/16,Attentive,12,3,"42,101,102",34.64,24.98,49.02,3.40,61.60,10.05,66.34,1.02,47.06,50.00,2.94,"47.06,52.94,47.06","47.06,5.88,50.98","67.16,66.67,65.20"
intphys2__same_l__videomae_v2__vit_l_16__temporal_attn__layer_18,IntPhys2,same_L,VideoMAE-v2,ViT-L/16,Attentive,18,3,"42,101,102",56.86,3.40,56.86,1.96,71.24,2.32,70.59,2.25,54.90,57.84,2.94,"54.90,58.82,56.86","54.90,60.78,54.90","73.04,68.63,70.10"
intphys2__same_l__videomae_v2__vit_l_16__temporal_attn__layer_24,IntPhys2,same_L,VideoMAE-v2,ViT-L/16,Attentive,24,3,"42,101,102",25.49,5.88,24.18,6.89,54.58,6.58,56.21,4.17,31.37,20.59,-10.78,"31.37,17.65,23.53","31.37,19.61,25.49","59.31,51.47,57.84"
mvp__backbone_sweep__jepa_v2_1__vitb_384__temporal_attn__layer_3,MVP,backbone_sweep,V-JEPA 2.1,ViT-B/16,Attentive,3,3,"42,101,102",50.56,1.87,50.86,1.43,70.78,0.10,70.54,0.50,52.38,50.10,-2.28,"52.38,49.54,50.66","52.38,48.63,50.66","70.78,69.97,70.88"
mvp__backbone_sweep__jepa_v2_1__vitb_384__temporal_attn__layer_6,MVP,backbone_sweep,V-JEPA 2.1,ViT-B/16,Attentive,6,3,"42,101,102",78.67,8.01,78.67,8.01,87.75,5.04,87.75,5.04,87.36,74.32,-13.04,"87.36,77.05,71.59","87.36,77.05,71.59","93.33,86.40,83.52"
mvp__backbone_sweep__jepa_v2_1__vitb_384__temporal_attn__layer_9,MVP,backbone_sweep,V-JEPA 2.1,ViT-B/16,Attentive,9,2,"42,101",83.99,4.20,85.54,4.58,91.02,2.63,92.11,2.57,88.78,82.31,-6.47,"88.78,82.31,NA","88.78,82.31,80.89","93.93,90.29,NA"
mvp__backbone_sweep__jepa_v2_1__vitb_384__temporal_attn__layer_12,MVP,backbone_sweep,V-JEPA 2.1,ViT-B/16,Attentive,12,3,"42,101,102",90.12,1.13,90.12,1.13,94.67,0.59,94.67,0.59,91.41,89.48,-1.92,"91.41,89.28,89.69","91.41,89.28,89.69","95.35,94.39,94.29"
mvp__backbone_sweep__jepa_v2_1__vitg_384__temporal_attn__layer_10,MVP,backbone_sweep,V-JEPA 2.1,ViT-G/16,Attentive,10,3,"42,101,102",52.54,3.33,52.54,3.33,72.14,2.14,72.14,2.14,53.99,51.82,-2.17,"53.99,54.90,48.74","53.99,54.90,48.74","72.45,74.12,69.87"
mvp__backbone_sweep__jepa_v2_1__vitg_384__temporal_attn__layer_20,MVP,backbone_sweep,V-JEPA 2.1,ViT-G/16,Attentive,20,3,"42,101,102",75.26,1.22,75.26,1.22,86.20,0.55,86.20,0.55,74.12,75.83,1.72,"74.12,76.54,75.13","74.12,76.54,75.13","85.74,86.80,86.05"
mvp__backbone_sweep__jepa_v2_1__vitg_384__temporal_attn__layer_30,MVP,backbone_sweep,V-JEPA 2.1,ViT-G/16,Attentive,30,3,"42,101,102",84.63,12.50,84.63,12.50,91.27,7.19,91.27,7.19,93.12,80.38,-12.74,"93.12,70.27,90.50","93.12,70.27,90.50","96.16,83.01,94.64"
mvp__backbone_sweep__jepa_v2_1__vitg_384__temporal_attn__layer_40,MVP,backbone_sweep,V-JEPA 2.1,ViT-G/16,Attentive,40,3,"42,101,102",89.45,3.93,89.45,3.93,94.15,2.34,94.15,2.34,92.11,88.12,-3.99,"92.11,84.93,91.30","92.11,84.93,91.30","95.70,91.46,95.30"
mvp__backbone_sweep__videomae_v2__vit_base_16_224__temporal_attn__layer_3,MVP,backbone_sweep,VideoMAE-v2,ViT-B/16,Attentive,3,3,"42,101,102",69.94,1.54,69.94,1.54,82.68,1.22,82.68,1.22,68.25,70.78,2.53,"68.25,71.28,70.27","68.25,71.28,70.27","81.40,83.82,82.81"
mvp__backbone_sweep__videomae_v2__vit_base_16_224__temporal_attn__layer_6,MVP,backbone_sweep,VideoMAE-v2,ViT-B/16,Attentive,6,3,"42,101,102",74.49,1.89,74.49,1.89,85.02,0.94,85.02,0.94,73.71,74.87,1.16,"73.71,76.64,73.10","73.71,76.64,73.10","84.93,86.00,84.13"
mvp__backbone_sweep__videomae_v2__vit_base_16_224__temporal_attn__layer_9,MVP,backbone_sweep,VideoMAE-v2,ViT-B/16,Attentive,9,3,"42,101,102",86.15,1.17,86.15,1.17,92.37,0.50,92.37,0.50,85.74,86.35,0.61,"85.74,87.46,85.24","85.74,87.46,85.24","92.21,92.92,91.96"
mvp__backbone_sweep__videomae_v2__vit_base_16_224__temporal_attn__layer_12,MVP,backbone_sweep,VideoMAE-v2,ViT-B/16,Attentive,12,3,"42,101,102",71.62,3.20,71.62,3.20,83.47,1.80,83.47,1.80,75.13,69.87,-5.26,"75.13,68.86,70.88","75.13,68.86,70.88","85.49,82.05,82.86"
mvp__same_l__jepa_v1__vitl16_224__temporal_attn__layer_6,MVP,same_L,V-JEPA,ViT-L/16,Attentive,6,3,"42,101,102",75.46,1.44,75.46,1.44,86.01,0.85,86.01,0.85,73.81,76.29,2.48,"73.81,76.44,76.14","73.81,76.44,76.14","85.04,86.55,86.45"
mvp__same_l__jepa_v1__vitl16_224__temporal_attn__layer_12,MVP,same_L,V-JEPA,ViT-L/16,Attentive,12,3,"42,101,102",91.44,0.94,91.44,0.94,95.38,0.64,95.38,0.64,92.21,91.05,-1.16,"92.21,91.71,90.39","92.21,91.71,90.39","95.70,95.80,94.64"
mvp__same_l__jepa_v1__vitl16_224__temporal_attn__layer_18,MVP,same_L,V-JEPA,ViT-L/16,Attentive,18,3,"42,101,102",93.83,0.30,93.46,0.41,96.58,0.20,96.38,0.15,93.83,93.28,-0.56,"93.83,93.53,93.02","93.83,93.53,94.14","96.46,96.46,96.21"
mvp__same_l__jepa_v1__vitl16_224__temporal_attn__layer_24,MVP,same_L,V-JEPA,ViT-L/16,Attentive,24,3,"42,101,102",90.66,3.13,90.66,3.13,95.01,1.78,95.01,1.78,93.43,89.28,-4.15,"93.43,91.30,87.26","93.43,91.30,87.26","96.56,95.40,93.07"
mvp__same_l__jepa_v2__vitl_256__temporal_attn__layer_6,MVP,same_L,V-JEPA 2,ViT-L/16,Attentive,6,3,"42,101,102",49.65,5.00,53.02,2.59,70.80,1.70,71.12,0.74,52.78,53.13,0.35,"52.78,50.56,55.71","52.78,43.88,52.28","70.88,70.53,71.94"
mvp__same_l__jepa_v2__vitl_256__temporal_attn__layer_12,MVP,same_L,V-JEPA 2,ViT-L/16,Attentive,12,3,"42,101,102",82.27,5.74,84.16,5.11,90.01,3.13,90.90,3.20,86.86,82.81,-4.04,"86.86,87.36,78.26","86.86,84.13,75.83","92.52,92.97,87.21"
mvp__same_l__jepa_v2__vitl_256__temporal_attn__layer_18,MVP,same_L,V-JEPA 2,ViT-L/16,Attentive,18,3,"42,101,102",93.36,0.76,93.36,0.76,96.29,0.38,96.29,0.38,93.33,93.38,0.05,"93.33,92.62,94.14","93.33,92.62,94.14","96.31,95.90,96.66"
mvp__same_l__jepa_v2__vitl_256__temporal_attn__layer_24,MVP,same_L,V-JEPA 2,ViT-L/16,Attentive,24,3,"42,101,102",93.46,0.57,93.02,0.54,96.46,0.32,96.31,0.35,92.82,93.12,0.30,"92.82,93.63,92.62","92.82,93.63,93.93","96.11,96.71,96.11"
mvp__same_l__jepa_v2_1__vitl_384__temporal_attn__layer_6,MVP,same_L,V-JEPA 2.1,ViT-L/16,Attentive,6,3,"42,101,102",23.53,30.22,57.03,3.08,59.25,12.87,75.11,1.19,57.63,56.72,-0.91,"57.63,59.76,53.69","57.63,12.84,0.10","73.96,76.34,75.03"
mvp__same_l__jepa_v2_1__vitl_384__temporal_attn__layer_12,MVP,same_L,V-JEPA 2.1,ViT-L/16,Attentive,12,3,"42,101,102",81.43,4.97,81.40,5.00,89.70,3.25,89.92,3.04,87.16,78.51,-8.65,"87.16,78.26,78.77","87.16,78.36,78.77","93.43,88.07,88.27"
mvp__same_l__jepa_v2_1__vitl_384__temporal_attn__layer_18,MVP,same_L,V-JEPA 2.1,ViT-L/16,Attentive,18,3,"42,101,102",74.08,18.95,78.19,15.14,86.72,9.58,87.60,8.61,89.38,72.60,-16.78,"89.38,60.97,84.23","89.38,52.88,79.98","94.39,77.91,90.50"
mvp__same_l__jepa_v2_1__vitl_384__temporal_attn__layer_24,MVP,same_L,V-JEPA 2.1,ViT-L/16,Attentive,24,3,"42,101,102",89.92,4.85,90.06,4.93,94.37,2.50,94.37,2.50,93.63,88.27,-5.36,"93.63,84.43,92.11","93.63,84.43,91.71","96.11,91.51,95.50"
mvp__same_l__videomae__vit_large_16_224__temporal_attn__layer_6,MVP,same_L,VideoMAE,ViT-L/16,Attentive,6,3,"42,101,102",67.14,1.87,67.14,1.87,80.77,1.55,80.77,1.55,69.06,66.18,-2.88,"69.06,65.32,67.04","69.06,65.32,67.04","82.10,79.07,81.14"
mvp__same_l__videomae__vit_large_16_224__temporal_attn__layer_12,MVP,same_L,VideoMAE,ViT-L/16,Attentive,12,3,"42,101,102",74.86,2.93,76.00,2.49,85.46,1.61,86.37,1.30,76.24,75.88,-0.35,"76.24,78.36,73.41","76.24,76.85,71.49","86.15,87.77,85.19"
mvp__same_l__videomae__vit_large_16_224__temporal_attn__layer_18,MVP,same_L,VideoMAE,ViT-L/16,Attentive,18,3,"42,101,102",85.74,1.42,85.91,1.70,92.10,0.92,92.16,1.03,85.14,86.30,1.16,"85.14,84.73,87.87","85.14,84.73,87.36","91.96,91.25,93.28"
mvp__same_l__videomae__vit_large_16_224__temporal_attn__layer_24,MVP,same_L,VideoMAE,ViT-L/16,Attentive,24,3,"42,101,102",89.79,0.46,89.79,0.46,94.59,0.18,94.59,0.18,89.89,89.74,-0.15,"89.89,90.19,89.28","89.89,90.19,89.28","94.69,94.69,94.39"
mvp__same_l__videomae_v2__vit_large_16_224__temporal_attn__layer_6,MVP,same_L,VideoMAE-v2,ViT-L/16,Attentive,6,3,"42,101,102",59.32,3.24,59.32,3.24,75.36,1.96,75.36,1.96,60.77,58.59,-2.17,"60.77,61.58,55.61","60.77,61.58,55.61","76.64,76.34,73.10"
mvp__same_l__videomae_v2__vit_large_16_224__temporal_attn__layer_12,MVP,same_L,VideoMAE-v2,ViT-L/16,Attentive,12,3,"42,101,102",63.77,11.13,66.60,8.30,78.01,7.32,79.46,6.30,75.94,61.93,-14.00,"75.94,63.80,60.06","75.94,61.27,54.10","86.20,78.46,73.71"
mvp__same_l__videomae_v2__vit_large_16_224__temporal_attn__layer_18,MVP,same_L,VideoMAE-v2,ViT-L/16,Attentive,18,3,"42,101,102",87.13,0.41,87.87,1.53,92.82,0.31,93.26,0.93,87.36,88.12,0.76,"87.36,89.59,86.65","87.36,87.36,86.65","93.02,94.29,92.47"
mvp__same_l__videomae_v2__vit_large_16_224__temporal_attn__layer_24,MVP,same_L,VideoMAE-v2,ViT-L/16,Attentive,24,3,"42,101,102",79.61,3.57,79.61,3.57,88.69,2.19,88.69,2.19,83.72,77.55,-6.17,"83.72,77.86,77.25","83.72,77.86,77.25","91.20,87.66,87.21"
