run_set,config_id,run_id,experiment,dataset,model,backbone,probe,layer,seed,actual_epochs,target_epochs,remaining_epochs,early_stopped,best_epoch,elapsed_seconds,seconds_per_epoch,estimated_gpu_hours,estimated_sbu,probe_last
backbone_sweep_attentive,intphys2__backbone_sweep__v_jepa_2_1__vit_b_16__temporal_attn__layer_3,intphys2__backbone_sweep__v_jepa_2_1__vit_b_16__temporal_attn__layer_3__seed_101,backbone_sweep,IntPhys2,V-JEPA 2.1,ViT-B/16,Attentive,3,101,83,90,7,True,63,3582.821164,43.166520,0.083935,10.744,artifacts/probes/intphys2/seed_runs_layerwise_backbone_sweep_v1/intphys2__backbone_sweep__v_jepa_2_1__vit_b_16__temporal_attn__layer_3/seed_101/layer_3/train/probe_last.pt
backbone_sweep_attentive,intphys2__backbone_sweep__v_jepa_2_1__vit_b_16__temporal_attn__layer_3,intphys2__backbone_sweep__v_jepa_2_1__vit_b_16__temporal_attn__layer_3__seed_102,backbone_sweep,IntPhys2,V-JEPA 2.1,ViT-B/16,Attentive,3,102,48,90,42,True,28,2035.498915,42.406227,0.494739,63.327,artifacts/probes/intphys2/seed_runs_layerwise_backbone_sweep_v1/intphys2__backbone_sweep__v_jepa_2_1__vit_b_16__temporal_attn__layer_3/seed_102/layer_3/train/probe_last.pt
backbone_sweep_attentive,intphys2__backbone_sweep__v_jepa_2_1__vit_b_16__temporal_attn__layer_6,intphys2__backbone_sweep__v_jepa_2_1__vit_b_16__temporal_attn__layer_6__seed_101,backbone_sweep,IntPhys2,V-JEPA 2.1,ViT-B/16,Attentive,6,101,21,90,69,True,1,901.346400,42.921257,0.822657,105.300,artifacts/probes/intphys2/seed_runs_layerwise_backbone_sweep_v1/intphys2__backbone_sweep__v_jepa_2_1__vit_b_16__temporal_attn__layer_6/seed_101/layer_6/train/probe_last.pt
backbone_sweep_attentive,intphys2__backbone_sweep__v_jepa_2_1__vit_b_16__temporal_attn__layer_6,intphys2__backbone_sweep__v_jepa_2_1__vit_b_16__temporal_attn__layer_6__seed_102,backbone_sweep,IntPhys2,V-JEPA 2.1,ViT-B/16,Attentive,6,102,48,90,42,True,28,2034.058778,42.376225,0.494389,63.282,artifacts/probes/intphys2/seed_runs_layerwise_backbone_sweep_v1/intphys2__backbone_sweep__v_jepa_2_1__vit_b_16__temporal_attn__layer_6/seed_102/layer_6/train/probe_last.pt
backbone_sweep_attentive,intphys2__backbone_sweep__v_jepa_2_1__vit_b_16__temporal_attn__layer_9,intphys2__backbone_sweep__v_jepa_2_1__vit_b_16__temporal_attn__layer_9__seed_101,backbone_sweep,IntPhys2,V-JEPA 2.1,ViT-B/16,Attentive,9,101,25,90,65,True,5,1070.755623,42.830225,0.773324,98.985,artifacts/probes/intphys2/seed_runs_layerwise_backbone_sweep_v1/intphys2__backbone_sweep__v_jepa_2_1__vit_b_16__temporal_attn__layer_9/seed_101/layer_9/train/probe_last.pt
backbone_sweep_attentive,intphys2__backbone_sweep__v_jepa_2_1__vit_b_16__temporal_attn__layer_9,intphys2__backbone_sweep__v_jepa_2_1__vit_b_16__temporal_attn__layer_9__seed_102,backbone_sweep,IntPhys2,V-JEPA 2.1,ViT-B/16,Attentive,9,102,32,90,58,True,12,1354.097516,42.315547,0.681750,87.264,artifacts/probes/intphys2/seed_runs_layerwise_backbone_sweep_v1/intphys2__backbone_sweep__v_jepa_2_1__vit_b_16__temporal_attn__layer_9/seed_102/layer_9/train/probe_last.pt
backbone_sweep_attentive,intphys2__backbone_sweep__v_jepa_2_1__vit_b_16__temporal_attn__layer_12,intphys2__backbone_sweep__v_jepa_2_1__vit_b_16__temporal_attn__layer_12__seed_101,backbone_sweep,IntPhys2,V-JEPA 2.1,ViT-B/16,Attentive,12,101,58,90,32,True,38,2729.298825,47.056876,0.418283,53.540,artifacts/probes/intphys2/seed_runs_layerwise_backbone_sweep_v1/intphys2__backbone_sweep__v_jepa_2_1__vit_b_16__temporal_attn__layer_12/seed_101/layer_12/train/probe_last.pt
backbone_sweep_attentive,intphys2__backbone_sweep__v_jepa_2_1__vit_b_16__temporal_attn__layer_12,intphys2__backbone_sweep__v_jepa_2_1__vit_b_16__temporal_attn__layer_12__seed_102,backbone_sweep,IntPhys2,V-JEPA 2.1,ViT-B/16,Attentive,12,102,67,90,23,True,47,2867.920895,42.804789,0.273475,35.005,artifacts/probes/intphys2/seed_runs_layerwise_backbone_sweep_v1/intphys2__backbone_sweep__v_jepa_2_1__vit_b_16__temporal_attn__layer_12/seed_102/layer_12/train/probe_last.pt
backbone_sweep_attentive,intphys2__backbone_sweep__v_jepa_2_1__vit_g_16__temporal_attn__layer_10,intphys2__backbone_sweep__v_jepa_2_1__vit_g_16__temporal_attn__layer_10__seed_101,backbone_sweep,IntPhys2,V-JEPA 2.1,ViT-G/16,Attentive,10,101,36,90,54,True,16,2970.615145,82.517087,1.237756,158.433,artifacts/probes/intphys2/seed_runs_layerwise_backbone_sweep_v1/intphys2__backbone_sweep__v_jepa_2_1__vit_g_16__temporal_attn__layer_10/seed_101/layer_10/train/probe_last.pt
backbone_sweep_attentive,intphys2__backbone_sweep__v_jepa_2_1__vit_g_16__temporal_attn__layer_10,intphys2__backbone_sweep__v_jepa_2_1__vit_g_16__temporal_attn__layer_10__seed_102,backbone_sweep,IntPhys2,V-JEPA 2.1,ViT-G/16,Attentive,10,102,31,90,59,True,11,2582.406049,83.303421,1.365251,174.752,artifacts/probes/intphys2/seed_runs_layerwise_backbone_sweep_v1/intphys2__backbone_sweep__v_jepa_2_1__vit_g_16__temporal_attn__layer_10/seed_102/layer_10/train/probe_last.pt
backbone_sweep_attentive,intphys2__backbone_sweep__v_jepa_2_1__vit_g_16__temporal_attn__layer_20,intphys2__backbone_sweep__v_jepa_2_1__vit_g_16__temporal_attn__layer_20__seed_101,backbone_sweep,IntPhys2,V-JEPA 2.1,ViT-G/16,Attentive,20,101,75,90,15,True,55,6162.893941,82.171919,0.342383,43.825,artifacts/probes/intphys2/seed_runs_layerwise_backbone_sweep_v1/intphys2__backbone_sweep__v_jepa_2_1__vit_g_16__temporal_attn__layer_20/seed_101/layer_20/train/probe_last.pt
backbone_sweep_attentive,intphys2__backbone_sweep__v_jepa_2_1__vit_g_16__temporal_attn__layer_20,intphys2__backbone_sweep__v_jepa_2_1__vit_g_16__temporal_attn__layer_20__seed_102,backbone_sweep,IntPhys2,V-JEPA 2.1,ViT-G/16,Attentive,20,102,58,90,32,True,38,4800.123298,82.760747,0.735651,94.163,artifacts/probes/intphys2/seed_runs_layerwise_backbone_sweep_v1/intphys2__backbone_sweep__v_jepa_2_1__vit_g_16__temporal_attn__layer_20/seed_102/layer_20/train/probe_last.pt
backbone_sweep_attentive,intphys2__backbone_sweep__v_jepa_2_1__vit_g_16__temporal_attn__layer_30,intphys2__backbone_sweep__v_jepa_2_1__vit_g_16__temporal_attn__layer_30__seed_101,backbone_sweep,IntPhys2,V-JEPA 2.1,ViT-G/16,Attentive,30,101,57,90,33,True,37,4677.728813,82.065418,0.752266,96.290,artifacts/probes/intphys2/seed_runs_layerwise_backbone_sweep_v1/intphys2__backbone_sweep__v_jepa_2_1__vit_g_16__temporal_attn__layer_30/seed_101/layer_30/train/probe_last.pt
backbone_sweep_attentive,intphys2__backbone_sweep__v_jepa_2_1__vit_g_16__temporal_attn__layer_30,intphys2__backbone_sweep__v_jepa_2_1__vit_g_16__temporal_attn__layer_30__seed_102,backbone_sweep,IntPhys2,V-JEPA 2.1,ViT-G/16,Attentive,30,102,90,90,0,False,89,7301.453525,81.127261,0.000000,0.000,artifacts/probes/intphys2/seed_runs_layerwise_backbone_sweep_v1/intphys2__backbone_sweep__v_jepa_2_1__vit_g_16__temporal_attn__layer_30/seed_102/layer_30/train/probe_last.pt
backbone_sweep_attentive,intphys2__backbone_sweep__v_jepa_2_1__vit_g_16__temporal_attn__layer_40,intphys2__backbone_sweep__v_jepa_2_1__vit_g_16__temporal_attn__layer_40__seed_101,backbone_sweep,IntPhys2,V-JEPA 2.1,ViT-G/16,Attentive,40,101,56,90,34,True,36,4617.661862,82.458248,0.778772,99.683,artifacts/probes/intphys2/seed_runs_layerwise_backbone_sweep_v1/intphys2__backbone_sweep__v_jepa_2_1__vit_g_16__temporal_attn__layer_40/seed_101/layer_40/train/probe_last.pt
backbone_sweep_attentive,intphys2__backbone_sweep__v_jepa_2_1__vit_g_16__temporal_attn__layer_40,intphys2__backbone_sweep__v_jepa_2_1__vit_g_16__temporal_attn__layer_40__seed_102,backbone_sweep,IntPhys2,V-JEPA 2.1,ViT-G/16,Attentive,40,102,42,90,48,True,22,3384.278728,80.578065,1.074374,137.520,artifacts/probes/intphys2/seed_runs_layerwise_backbone_sweep_v1/intphys2__backbone_sweep__v_jepa_2_1__vit_g_16__temporal_attn__layer_40/seed_102/layer_40/train/probe_last.pt
backbone_sweep_attentive,intphys2__backbone_sweep__videomae_v2__vit_b_16__temporal_attn__layer_3,intphys2__backbone_sweep__videomae_v2__vit_b_16__temporal_attn__layer_3__seed_101,backbone_sweep,IntPhys2,VideoMAE-v2,ViT-B/16,Attentive,3,101,34,90,56,True,14,799.220359,23.506481,0.365656,46.804,artifacts/probes/intphys2/seed_runs_layerwise_backbone_sweep_v1/intphys2__backbone_sweep__videomae_v2__vit_b_16__temporal_attn__layer_3/seed_101/layer_3/train/probe_last.pt
backbone_sweep_attentive,intphys2__backbone_sweep__videomae_v2__vit_b_16__temporal_attn__layer_3,intphys2__backbone_sweep__videomae_v2__vit_b_16__temporal_attn__layer_3__seed_102,backbone_sweep,IntPhys2,VideoMAE-v2,ViT-B/16,Attentive,3,102,45,90,45,True,25,951.151907,21.136709,0.264209,33.819,artifacts/probes/intphys2/seed_runs_layerwise_backbone_sweep_v1/intphys2__backbone_sweep__videomae_v2__vit_b_16__temporal_attn__layer_3/seed_102/layer_3/train/probe_last.pt
backbone_sweep_attentive,intphys2__backbone_sweep__videomae_v2__vit_b_16__temporal_attn__layer_6,intphys2__backbone_sweep__videomae_v2__vit_b_16__temporal_attn__layer_6__seed_101,backbone_sweep,IntPhys2,VideoMAE-v2,ViT-B/16,Attentive,6,101,41,90,49,True,21,862.850478,21.045134,0.286448,36.665,artifacts/probes/intphys2/seed_runs_layerwise_backbone_sweep_v1/intphys2__backbone_sweep__videomae_v2__vit_b_16__temporal_attn__layer_6/seed_101/layer_6/train/probe_last.pt
backbone_sweep_attentive,intphys2__backbone_sweep__videomae_v2__vit_b_16__temporal_attn__layer_6,intphys2__backbone_sweep__videomae_v2__vit_b_16__temporal_attn__layer_6__seed_102,backbone_sweep,IntPhys2,VideoMAE-v2,ViT-B/16,Attentive,6,102,68,90,22,True,48,1259.183768,18.517408,0.113162,14.485,artifacts/probes/intphys2/seed_runs_layerwise_backbone_sweep_v1/intphys2__backbone_sweep__videomae_v2__vit_b_16__temporal_attn__layer_6/seed_102/layer_6/train/probe_last.pt
backbone_sweep_attentive,intphys2__backbone_sweep__videomae_v2__vit_b_16__temporal_attn__layer_9,intphys2__backbone_sweep__videomae_v2__vit_b_16__temporal_attn__layer_9__seed_101,backbone_sweep,IntPhys2,VideoMAE-v2,ViT-B/16,Attentive,9,101,47,90,43,True,27,879.851133,18.720237,0.223603,28.621,artifacts/probes/intphys2/seed_runs_layerwise_backbone_sweep_v1/intphys2__backbone_sweep__videomae_v2__vit_b_16__temporal_attn__layer_9/seed_101/layer_9/train/probe_last.pt
backbone_sweep_attentive,intphys2__backbone_sweep__videomae_v2__vit_b_16__temporal_attn__layer_9,intphys2__backbone_sweep__videomae_v2__vit_b_16__temporal_attn__layer_9__seed_102,backbone_sweep,IntPhys2,VideoMAE-v2,ViT-B/16,Attentive,9,102,48,90,42,True,28,839.547979,17.490583,0.204057,26.119,artifacts/probes/intphys2/seed_runs_layerwise_backbone_sweep_v1/intphys2__backbone_sweep__videomae_v2__vit_b_16__temporal_attn__layer_9/seed_102/layer_9/train/probe_last.pt
backbone_sweep_attentive,intphys2__backbone_sweep__videomae_v2__vit_b_16__temporal_attn__layer_12,intphys2__backbone_sweep__videomae_v2__vit_b_16__temporal_attn__layer_12__seed_101,backbone_sweep,IntPhys2,VideoMAE-v2,ViT-B/16,Attentive,12,101,41,90,49,True,21,721.229730,17.590969,0.239433,30.647,artifacts/probes/intphys2/seed_runs_layerwise_backbone_sweep_v1/intphys2__backbone_sweep__videomae_v2__vit_b_16__temporal_attn__layer_12/seed_101/layer_12/train/probe_last.pt
backbone_sweep_attentive,intphys2__backbone_sweep__videomae_v2__vit_b_16__temporal_attn__layer_12,intphys2__backbone_sweep__videomae_v2__vit_b_16__temporal_attn__layer_12__seed_102,backbone_sweep,IntPhys2,VideoMAE-v2,ViT-B/16,Attentive,12,102,60,90,30,True,40,1191.385309,19.856422,0.165470,21.180,artifacts/probes/intphys2/seed_runs_layerwise_backbone_sweep_v1/intphys2__backbone_sweep__videomae_v2__vit_b_16__temporal_attn__layer_12/seed_102/layer_12/train/probe_last.pt
backbone_sweep_attentive,mvp__backbone_sweep__jepa_v2_1__vitb_384__temporal_attn__layer_3,mvp__backbone_sweep__jepa_v2_1__vitb_384__temporal_attn__layer_3__seed_101,backbone_sweep,MVP,V-JEPA 2.1,ViT-B/16,Attentive,3,101,23,30,7,True,18,9546.443454,415.062759,0.807066,103.305,artifacts/probes/mvp/seed_runs_layerwise_backbone_sweep_v1/mvp__backbone_sweep__jepa_v2_1__vitb_384__temporal_attn__layer_3/seed_101/layer_3/train/probe_last.pt
backbone_sweep_attentive,mvp__backbone_sweep__jepa_v2_1__vitb_384__temporal_attn__layer_3,mvp__backbone_sweep__jepa_v2_1__vitb_384__temporal_attn__layer_3__seed_102,backbone_sweep,MVP,V-JEPA 2.1,ViT-B/16,Attentive,3,102,30,30,0,False,28,12478.587219,415.952907,0.000000,0.000,artifacts/probes/mvp/seed_runs_layerwise_backbone_sweep_v1/mvp__backbone_sweep__jepa_v2_1__vitb_384__temporal_attn__layer_3/seed_102/layer_3/train/probe_last.pt
backbone_sweep_attentive,mvp__backbone_sweep__jepa_v2_1__vitb_384__temporal_attn__layer_6,mvp__backbone_sweep__jepa_v2_1__vitb_384__temporal_attn__layer_6__seed_101,backbone_sweep,MVP,V-JEPA 2.1,ViT-B/16,Attentive,6,101,30,30,0,False,29,12509.394113,416.979804,0.000000,0.000,artifacts/probes/mvp/seed_runs_layerwise_backbone_sweep_v1/mvp__backbone_sweep__jepa_v2_1__vitb_384__temporal_attn__layer_6/seed_101/layer_6/train/probe_last.pt
backbone_sweep_attentive,mvp__backbone_sweep__jepa_v2_1__vitb_384__temporal_attn__layer_6,mvp__backbone_sweep__jepa_v2_1__vitb_384__temporal_attn__layer_6__seed_102,backbone_sweep,MVP,V-JEPA 2.1,ViT-B/16,Attentive,6,102,30,30,0,False,30,12858.307930,428.610264,0.000000,0.000,artifacts/probes/mvp/seed_runs_layerwise_backbone_sweep_v1/mvp__backbone_sweep__jepa_v2_1__vitb_384__temporal_attn__layer_6/seed_102/layer_6/train/probe_last.pt
backbone_sweep_attentive,mvp__backbone_sweep__jepa_v2_1__vitb_384__temporal_attn__layer_9,mvp__backbone_sweep__jepa_v2_1__vitb_384__temporal_attn__layer_9__seed_101,backbone_sweep,MVP,V-JEPA 2.1,ViT-B/16,Attentive,9,101,30,30,0,False,30,12717.236237,423.907875,0.000000,0.000,artifacts/probes/mvp/seed_runs_layerwise_backbone_sweep_v1/mvp__backbone_sweep__jepa_v2_1__vitb_384__temporal_attn__layer_9/seed_101/layer_9/train/probe_last.pt
backbone_sweep_attentive,mvp__backbone_sweep__jepa_v2_1__vitb_384__temporal_attn__layer_9,mvp__backbone_sweep__jepa_v2_1__vitb_384__temporal_attn__layer_9__seed_102,backbone_sweep,MVP,V-JEPA 2.1,ViT-B/16,Attentive,9,102,23,30,7,True,18,9452.758839,410.989515,0.799146,102.291,artifacts/probes/mvp/seed_runs_layerwise_backbone_sweep_v1/mvp__backbone_sweep__jepa_v2_1__vitb_384__temporal_attn__layer_9/seed_102/layer_9/train/probe_last.pt
backbone_sweep_attentive,mvp__backbone_sweep__jepa_v2_1__vitb_384__temporal_attn__layer_12,mvp__backbone_sweep__jepa_v2_1__vitb_384__temporal_attn__layer_12__seed_101,backbone_sweep,MVP,V-JEPA 2.1,ViT-B/16,Attentive,12,101,30,30,0,False,30,12453.793751,415.126458,0.000000,0.000,artifacts/probes/mvp/seed_runs_layerwise_backbone_sweep_v1/mvp__backbone_sweep__jepa_v2_1__vitb_384__temporal_attn__layer_12/seed_101/layer_12/train/probe_last.pt
backbone_sweep_attentive,mvp__backbone_sweep__jepa_v2_1__vitb_384__temporal_attn__layer_12,mvp__backbone_sweep__jepa_v2_1__vitb_384__temporal_attn__layer_12__seed_102,backbone_sweep,MVP,V-JEPA 2.1,ViT-B/16,Attentive,12,102,30,30,0,False,30,12469.077702,415.635923,0.000000,0.000,artifacts/probes/mvp/seed_runs_layerwise_backbone_sweep_v1/mvp__backbone_sweep__jepa_v2_1__vitb_384__temporal_attn__layer_12/seed_102/layer_12/train/probe_last.pt
backbone_sweep_attentive,mvp__backbone_sweep__jepa_v2_1__vitg_384__temporal_attn__layer_10,mvp__backbone_sweep__jepa_v2_1__vitg_384__temporal_attn__layer_10__seed_101,backbone_sweep,MVP,V-JEPA 2.1,ViT-G/16,Attentive,10,101,30,30,0,False,30,23646.733642,788.224455,0.000000,0.000,artifacts/probes/mvp/seed_runs_layerwise_backbone_sweep_v1/mvp__backbone_sweep__jepa_v2_1__vitg_384__temporal_attn__layer_10/seed_101/layer_10/train/probe_last.pt
backbone_sweep_attentive,mvp__backbone_sweep__jepa_v2_1__vitg_384__temporal_attn__layer_10,mvp__backbone_sweep__jepa_v2_1__vitg_384__temporal_attn__layer_10__seed_102,backbone_sweep,MVP,V-JEPA 2.1,ViT-G/16,Attentive,10,102,30,30,0,False,28,22854.191012,761.806367,0.000000,0.000,artifacts/probes/mvp/seed_runs_layerwise_backbone_sweep_v1/mvp__backbone_sweep__jepa_v2_1__vitg_384__temporal_attn__layer_10/seed_102/layer_10/train/probe_last.pt
backbone_sweep_attentive,mvp__backbone_sweep__jepa_v2_1__vitg_384__temporal_attn__layer_20,mvp__backbone_sweep__jepa_v2_1__vitg_384__temporal_attn__layer_20__seed_101,backbone_sweep,MVP,V-JEPA 2.1,ViT-G/16,Attentive,20,101,30,30,0,False,30,23564.126095,785.470870,0.000000,0.000,artifacts/probes/mvp/seed_runs_layerwise_backbone_sweep_v1/mvp__backbone_sweep__jepa_v2_1__vitg_384__temporal_attn__layer_20/seed_101/layer_20/train/probe_last.pt
backbone_sweep_attentive,mvp__backbone_sweep__jepa_v2_1__vitg_384__temporal_attn__layer_20,mvp__backbone_sweep__jepa_v2_1__vitg_384__temporal_attn__layer_20__seed_102,backbone_sweep,MVP,V-JEPA 2.1,ViT-G/16,Attentive,20,102,30,30,0,False,30,22936.422061,764.547402,0.000000,0.000,artifacts/probes/mvp/seed_runs_layerwise_backbone_sweep_v1/mvp__backbone_sweep__jepa_v2_1__vitg_384__temporal_attn__layer_20/seed_102/layer_20/train/probe_last.pt
backbone_sweep_attentive,mvp__backbone_sweep__jepa_v2_1__vitg_384__temporal_attn__layer_30,mvp__backbone_sweep__jepa_v2_1__vitg_384__temporal_attn__layer_30__seed_101,backbone_sweep,MVP,V-JEPA 2.1,ViT-G/16,Attentive,30,101,30,30,0,False,29,23133.130860,771.104362,0.000000,0.000,artifacts/probes/mvp/seed_runs_layerwise_backbone_sweep_v1/mvp__backbone_sweep__jepa_v2_1__vitg_384__temporal_attn__layer_30/seed_101/layer_30/train/probe_last.pt
backbone_sweep_attentive,mvp__backbone_sweep__jepa_v2_1__vitg_384__temporal_attn__layer_30,mvp__backbone_sweep__jepa_v2_1__vitg_384__temporal_attn__layer_30__seed_102,backbone_sweep,MVP,V-JEPA 2.1,ViT-G/16,Attentive,30,102,30,30,0,False,29,23210.959569,773.698652,0.000000,0.000,artifacts/probes/mvp/seed_runs_layerwise_backbone_sweep_v1/mvp__backbone_sweep__jepa_v2_1__vitg_384__temporal_attn__layer_30/seed_102/layer_30/train/probe_last.pt
backbone_sweep_attentive,mvp__backbone_sweep__jepa_v2_1__vitg_384__temporal_attn__layer_40,mvp__backbone_sweep__jepa_v2_1__vitg_384__temporal_attn__layer_40__seed_101,backbone_sweep,MVP,V-JEPA 2.1,ViT-G/16,Attentive,40,101,30,30,0,False,30,22536.052061,751.201735,0.000000,0.000,artifacts/probes/mvp/seed_runs_layerwise_backbone_sweep_v1/mvp__backbone_sweep__jepa_v2_1__vitg_384__temporal_attn__layer_40/seed_101/layer_40/train/probe_last.pt
backbone_sweep_attentive,mvp__backbone_sweep__jepa_v2_1__vitg_384__temporal_attn__layer_40,mvp__backbone_sweep__jepa_v2_1__vitg_384__temporal_attn__layer_40__seed_102,backbone_sweep,MVP,V-JEPA 2.1,ViT-G/16,Attentive,40,102,30,30,0,True,25,23337.641506,777.921384,0.000000,0.000,artifacts/probes/mvp/seed_runs_layerwise_backbone_sweep_v1/mvp__backbone_sweep__jepa_v2_1__vitg_384__temporal_attn__layer_40/seed_102/layer_40/train/probe_last.pt
backbone_sweep_attentive,mvp__backbone_sweep__videomae_v2__vit_base_16_224__temporal_attn__layer_3,mvp__backbone_sweep__videomae_v2__vit_base_16_224__temporal_attn__layer_3__seed_101,backbone_sweep,MVP,VideoMAE-v2,ViT-B/16,Attentive,3,101,30,30,0,True,25,5912.939650,197.097988,0.000000,0.000,artifacts/probes/mvp/seed_runs_layerwise_backbone_sweep_v1/mvp__backbone_sweep__videomae_v2__vit_base_16_224__temporal_attn__layer_3/seed_101/layer_3/train/probe_last.pt
backbone_sweep_attentive,mvp__backbone_sweep__videomae_v2__vit_base_16_224__temporal_attn__layer_3,mvp__backbone_sweep__videomae_v2__vit_base_16_224__temporal_attn__layer_3__seed_102,backbone_sweep,MVP,VideoMAE-v2,ViT-B/16,Attentive,3,102,30,30,0,False,30,5822.817921,194.093931,0.000000,0.000,artifacts/probes/mvp/seed_runs_layerwise_backbone_sweep_v1/mvp__backbone_sweep__videomae_v2__vit_base_16_224__temporal_attn__layer_3/seed_102/layer_3/train/probe_last.pt
backbone_sweep_attentive,mvp__backbone_sweep__videomae_v2__vit_base_16_224__temporal_attn__layer_6,mvp__backbone_sweep__videomae_v2__vit_base_16_224__temporal_attn__layer_6__seed_101,backbone_sweep,MVP,VideoMAE-v2,ViT-B/16,Attentive,6,101,30,30,0,False,29,5483.636073,182.787869,0.000000,0.000,artifacts/probes/mvp/seed_runs_layerwise_backbone_sweep_v1/mvp__backbone_sweep__videomae_v2__vit_base_16_224__temporal_attn__layer_6/seed_101/layer_6/train/probe_last.pt
backbone_sweep_attentive,mvp__backbone_sweep__videomae_v2__vit_base_16_224__temporal_attn__layer_6,mvp__backbone_sweep__videomae_v2__vit_base_16_224__temporal_attn__layer_6__seed_102,backbone_sweep,MVP,VideoMAE-v2,ViT-B/16,Attentive,6,102,30,30,0,False,26,5417.487124,180.582904,0.000000,0.000,artifacts/probes/mvp/seed_runs_layerwise_backbone_sweep_v1/mvp__backbone_sweep__videomae_v2__vit_base_16_224__temporal_attn__layer_6/seed_102/layer_6/train/probe_last.pt
backbone_sweep_attentive,mvp__backbone_sweep__videomae_v2__vit_base_16_224__temporal_attn__layer_9,mvp__backbone_sweep__videomae_v2__vit_base_16_224__temporal_attn__layer_9__seed_101,backbone_sweep,MVP,VideoMAE-v2,ViT-B/16,Attentive,9,101,30,30,0,False,26,5193.805805,173.126860,0.000000,0.000,artifacts/probes/mvp/seed_runs_layerwise_backbone_sweep_v1/mvp__backbone_sweep__videomae_v2__vit_base_16_224__temporal_attn__layer_9/seed_101/layer_9/train/probe_last.pt
backbone_sweep_attentive,mvp__backbone_sweep__videomae_v2__vit_base_16_224__temporal_attn__layer_9,mvp__backbone_sweep__videomae_v2__vit_base_16_224__temporal_attn__layer_9__seed_102,backbone_sweep,MVP,VideoMAE-v2,ViT-B/16,Attentive,9,102,30,30,0,True,25,5178.570721,172.619024,0.000000,0.000,artifacts/probes/mvp/seed_runs_layerwise_backbone_sweep_v1/mvp__backbone_sweep__videomae_v2__vit_base_16_224__temporal_attn__layer_9/seed_102/layer_9/train/probe_last.pt
backbone_sweep_attentive,mvp__backbone_sweep__videomae_v2__vit_base_16_224__temporal_attn__layer_12,mvp__backbone_sweep__videomae_v2__vit_base_16_224__temporal_attn__layer_12__seed_101,backbone_sweep,MVP,VideoMAE-v2,ViT-B/16,Attentive,12,101,30,30,0,False,29,5098.809997,169.960333,0.000000,0.000,artifacts/probes/mvp/seed_runs_layerwise_backbone_sweep_v1/mvp__backbone_sweep__videomae_v2__vit_base_16_224__temporal_attn__layer_12/seed_101/layer_12/train/probe_last.pt
backbone_sweep_attentive,mvp__backbone_sweep__videomae_v2__vit_base_16_224__temporal_attn__layer_12,mvp__backbone_sweep__videomae_v2__vit_base_16_224__temporal_attn__layer_12__seed_102,backbone_sweep,MVP,VideoMAE-v2,ViT-B/16,Attentive,12,102,30,30,0,False,26,5118.835364,170.627845,0.000000,0.000,artifacts/probes/mvp/seed_runs_layerwise_backbone_sweep_v1/mvp__backbone_sweep__videomae_v2__vit_base_16_224__temporal_attn__layer_12/seed_102/layer_12/train/probe_last.pt
main_intphys2_attentive,intphys2__main__v_jepa__vit_h_16__temporal_attn__layer_8,intphys2__main__v_jepa__vit_h_16__temporal_attn__layer_8__seed_101,main,IntPhys2,V-JEPA,ViT-H/16,Attentive,8,101,49,90,41,True,29,3530.868543,72.058542,0.820667,105.045,artifacts/probes/intphys2/seed_runs_layerwise_attentive_v1/intphys2__main__v_jepa__vit_h_16__temporal_attn__layer_8/seed_101/layer_8/train/probe_last.pt
main_intphys2_attentive,intphys2__main__v_jepa__vit_h_16__temporal_attn__layer_8,intphys2__main__v_jepa__vit_h_16__temporal_attn__layer_8__seed_102,main,IntPhys2,V-JEPA,ViT-H/16,Attentive,8,102,30,90,60,True,10,2169.679478,72.322649,1.205377,154.288,artifacts/probes/intphys2/seed_runs_layerwise_attentive_v1/intphys2__main__v_jepa__vit_h_16__temporal_attn__layer_8/seed_102/layer_8/train/probe_last.pt
main_intphys2_attentive,intphys2__main__v_jepa__vit_h_16__temporal_attn__layer_16,intphys2__main__v_jepa__vit_h_16__temporal_attn__layer_16__seed_101,main,IntPhys2,V-JEPA,ViT-H/16,Attentive,16,101,64,90,26,True,44,4612.685847,72.073216,0.520529,66.628,artifacts/probes/intphys2/seed_runs_layerwise_attentive_v1/intphys2__main__v_jepa__vit_h_16__temporal_attn__layer_16/seed_101/layer_16/train/probe_last.pt
main_intphys2_attentive,intphys2__main__v_jepa__vit_h_16__temporal_attn__layer_16,intphys2__main__v_jepa__vit_h_16__temporal_attn__layer_16__seed_102,main,IntPhys2,V-JEPA,ViT-H/16,Attentive,16,102,76,90,14,True,56,5535.610385,72.836979,0.283255,36.257,artifacts/probes/intphys2/seed_runs_layerwise_attentive_v1/intphys2__main__v_jepa__vit_h_16__temporal_attn__layer_16/seed_102/layer_16/train/probe_last.pt
main_intphys2_attentive,intphys2__main__v_jepa__vit_h_16__temporal_attn__layer_24,intphys2__main__v_jepa__vit_h_16__temporal_attn__layer_24__seed_101,main,IntPhys2,V-JEPA,ViT-H/16,Attentive,24,101,42,90,48,True,22,3056.096577,72.764204,0.970189,124.184,artifacts/probes/intphys2/seed_runs_layerwise_attentive_v1/intphys2__main__v_jepa__vit_h_16__temporal_attn__layer_24/seed_101/layer_24/train/probe_last.pt
main_intphys2_attentive,intphys2__main__v_jepa__vit_h_16__temporal_attn__layer_24,intphys2__main__v_jepa__vit_h_16__temporal_attn__layer_24__seed_102,main,IntPhys2,V-JEPA,ViT-H/16,Attentive,24,102,50,90,40,True,30,3688.844952,73.776899,0.819743,104.927,artifacts/probes/intphys2/seed_runs_layerwise_attentive_v1/intphys2__main__v_jepa__vit_h_16__temporal_attn__layer_24/seed_102/layer_24/train/probe_last.pt
main_intphys2_attentive,intphys2__main__v_jepa__vit_h_16__temporal_attn__layer_32,intphys2__main__v_jepa__vit_h_16__temporal_attn__layer_32__seed_101,main,IntPhys2,V-JEPA,ViT-H/16,Attentive,32,101,35,90,55,True,15,2599.307960,74.265942,1.134619,145.231,artifacts/probes/intphys2/seed_runs_layerwise_attentive_v1/intphys2__main__v_jepa__vit_h_16__temporal_attn__layer_32/seed_101/layer_32/train/probe_last.pt
main_intphys2_attentive,intphys2__main__v_jepa__vit_h_16__temporal_attn__layer_32,intphys2__main__v_jepa__vit_h_16__temporal_attn__layer_32__seed_102,main,IntPhys2,V-JEPA,ViT-H/16,Attentive,32,102,39,90,51,True,19,2948.330933,75.598229,1.070975,137.085,artifacts/probes/intphys2/seed_runs_layerwise_attentive_v1/intphys2__main__v_jepa__vit_h_16__temporal_attn__layer_32/seed_102/layer_32/train/probe_last.pt
main_intphys2_attentive,intphys2__main__v_jepa_2__vit_g_16__temporal_attn__layer_10,intphys2__main__v_jepa_2__vit_g_16__temporal_attn__layer_10__seed_101,main,IntPhys2,V-JEPA 2,ViT-G/16,Attentive,10,101,40,90,50,True,20,3283.495908,82.087398,1.140103,145.933,artifacts/probes/intphys2/seed_runs_layerwise_attentive_v1/intphys2__main__v_jepa_2__vit_g_16__temporal_attn__layer_10/seed_101/layer_10/train/probe_last.pt
main_intphys2_attentive,intphys2__main__v_jepa_2__vit_g_16__temporal_attn__layer_10,intphys2__main__v_jepa_2__vit_g_16__temporal_attn__layer_10__seed_102,main,IntPhys2,V-JEPA 2,ViT-G/16,Attentive,10,102,24,90,66,True,4,1939.563885,80.815162,1.481611,189.646,artifacts/probes/intphys2/seed_runs_layerwise_attentive_v1/intphys2__main__v_jepa_2__vit_g_16__temporal_attn__layer_10/seed_102/layer_10/train/probe_last.pt
main_intphys2_attentive,intphys2__main__v_jepa_2__vit_g_16__temporal_attn__layer_20,intphys2__main__v_jepa_2__vit_g_16__temporal_attn__layer_20__seed_101,main,IntPhys2,V-JEPA 2,ViT-G/16,Attentive,20,101,58,90,32,True,38,4635.636867,79.924774,0.710442,90.937,artifacts/probes/intphys2/seed_runs_layerwise_attentive_v1/intphys2__main__v_jepa_2__vit_g_16__temporal_attn__layer_20/seed_101/layer_20/train/probe_last.pt
main_intphys2_attentive,intphys2__main__v_jepa_2__vit_g_16__temporal_attn__layer_20,intphys2__main__v_jepa_2__vit_g_16__temporal_attn__layer_20__seed_102,main,IntPhys2,V-JEPA 2,ViT-G/16,Attentive,20,102,34,90,56,True,14,2744.364447,80.716601,1.255592,160.716,artifacts/probes/intphys2/seed_runs_layerwise_attentive_v1/intphys2__main__v_jepa_2__vit_g_16__temporal_attn__layer_20/seed_102/layer_20/train/probe_last.pt
main_intphys2_attentive,intphys2__main__v_jepa_2__vit_g_16__temporal_attn__layer_30,intphys2__main__v_jepa_2__vit_g_16__temporal_attn__layer_30__seed_101,main,IntPhys2,V-JEPA 2,ViT-G/16,Attentive,30,101,42,90,48,True,22,3342.196405,79.576105,1.061015,135.810,artifacts/probes/intphys2/seed_runs_layerwise_attentive_v1/intphys2__main__v_jepa_2__vit_g_16__temporal_attn__layer_30/seed_101/layer_30/train/probe_last.pt
main_intphys2_attentive,intphys2__main__v_jepa_2__vit_g_16__temporal_attn__layer_30,intphys2__main__v_jepa_2__vit_g_16__temporal_attn__layer_30__seed_102,main,IntPhys2,V-JEPA 2,ViT-G/16,Attentive,30,102,53,90,37,True,33,4350.862787,82.091751,0.843721,107.996,artifacts/probes/intphys2/seed_runs_layerwise_attentive_v1/intphys2__main__v_jepa_2__vit_g_16__temporal_attn__layer_30/seed_102/layer_30/train/probe_last.pt
main_intphys2_attentive,intphys2__main__v_jepa_2__vit_g_16__temporal_attn__layer_40,intphys2__main__v_jepa_2__vit_g_16__temporal_attn__layer_40__seed_101,main,IntPhys2,V-JEPA 2,ViT-G/16,Attentive,40,101,57,90,33,True,37,4567.258097,80.127335,0.734501,94.016,artifacts/probes/intphys2/seed_runs_layerwise_attentive_v1/intphys2__main__v_jepa_2__vit_g_16__temporal_attn__layer_40/seed_101/layer_40/train/probe_last.pt
main_intphys2_attentive,intphys2__main__v_jepa_2__vit_g_16__temporal_attn__layer_40,intphys2__main__v_jepa_2__vit_g_16__temporal_attn__layer_40__seed_102,main,IntPhys2,V-JEPA 2,ViT-G/16,Attentive,40,102,90,90,0,False,79,7237.968546,80.421873,0.000000,0.000,artifacts/probes/intphys2/seed_runs_layerwise_attentive_v1/intphys2__main__v_jepa_2__vit_g_16__temporal_attn__layer_40/seed_102/layer_40/train/probe_last.pt
main_intphys2_attentive,intphys2__main__v_jepa_2_1__vit_gigantic_16__temporal_attn__layer_12,intphys2__main__v_jepa_2_1__vit_gigantic_16__temporal_attn__layer_12__seed_101,main,IntPhys2,V-JEPA 2.1,ViT-Gigantic/16,Attentive,12,101,33,90,57,True,13,3162.297660,95.827202,1.517264,194.210,artifacts/probes/intphys2/seed_runs_layerwise_attentive_v1/intphys2__main__v_jepa_2_1__vit_gigantic_16__temporal_attn__layer_12/seed_101/layer_12/train/probe_last.pt
main_intphys2_attentive,intphys2__main__v_jepa_2_1__vit_gigantic_16__temporal_attn__layer_12,intphys2__main__v_jepa_2_1__vit_gigantic_16__temporal_attn__layer_12__seed_102,main,IntPhys2,V-JEPA 2.1,ViT-Gigantic/16,Attentive,12,102,75,90,15,True,55,7236.131560,96.481754,0.402007,51.457,artifacts/probes/intphys2/seed_runs_layerwise_attentive_v1/intphys2__main__v_jepa_2_1__vit_gigantic_16__temporal_attn__layer_12/seed_102/layer_12/train/probe_last.pt
main_intphys2_attentive,intphys2__main__v_jepa_2_1__vit_gigantic_16__temporal_attn__layer_24,intphys2__main__v_jepa_2_1__vit_gigantic_16__temporal_attn__layer_24__seed_101,main,IntPhys2,V-JEPA 2.1,ViT-Gigantic/16,Attentive,24,101,90,90,0,False,87,8599.079770,95.545331,0.000000,0.000,artifacts/probes/intphys2/seed_runs_layerwise_attentive_v1/intphys2__main__v_jepa_2_1__vit_gigantic_16__temporal_attn__layer_24/seed_101/layer_24/train/probe_last.pt
main_intphys2_attentive,intphys2__main__v_jepa_2_1__vit_gigantic_16__temporal_attn__layer_24,intphys2__main__v_jepa_2_1__vit_gigantic_16__temporal_attn__layer_24__seed_102,main,IntPhys2,V-JEPA 2.1,ViT-Gigantic/16,Attentive,24,102,90,90,0,False,85,8574.162317,95.268470,0.000000,0.000,artifacts/probes/intphys2/seed_runs_layerwise_attentive_v1/intphys2__main__v_jepa_2_1__vit_gigantic_16__temporal_attn__layer_24/seed_102/layer_24/train/probe_last.pt
main_intphys2_attentive,intphys2__main__v_jepa_2_1__vit_gigantic_16__temporal_attn__layer_38,intphys2__main__v_jepa_2_1__vit_gigantic_16__temporal_attn__layer_38__seed_101,main,IntPhys2,V-JEPA 2.1,ViT-Gigantic/16,Attentive,38,101,38,90,52,True,18,3635.404522,95.668540,1.381879,176.881,artifacts/probes/intphys2/seed_runs_layerwise_attentive_v1/intphys2__main__v_jepa_2_1__vit_gigantic_16__temporal_attn__layer_38/seed_101/layer_38/train/probe_last.pt
main_intphys2_attentive,intphys2__main__v_jepa_2_1__vit_gigantic_16__temporal_attn__layer_38,intphys2__main__v_jepa_2_1__vit_gigantic_16__temporal_attn__layer_38__seed_102,main,IntPhys2,V-JEPA 2.1,ViT-Gigantic/16,Attentive,38,102,71,90,19,True,51,6755.421983,95.146788,0.502164,64.277,artifacts/probes/intphys2/seed_runs_layerwise_attentive_v1/intphys2__main__v_jepa_2_1__vit_gigantic_16__temporal_attn__layer_38/seed_102/layer_38/train/probe_last.pt
main_intphys2_attentive,intphys2__main__v_jepa_2_1__vit_gigantic_16__temporal_attn__layer_48,intphys2__main__v_jepa_2_1__vit_gigantic_16__temporal_attn__layer_48__seed_101,main,IntPhys2,V-JEPA 2.1,ViT-Gigantic/16,Attentive,48,101,40,90,50,True,20,3840.356290,96.008907,1.333457,170.683,artifacts/probes/intphys2/seed_runs_layerwise_attentive_v1/intphys2__main__v_jepa_2_1__vit_gigantic_16__temporal_attn__layer_48/seed_101/layer_48/train/probe_last.pt
main_intphys2_attentive,intphys2__main__v_jepa_2_1__vit_gigantic_16__temporal_attn__layer_48,intphys2__main__v_jepa_2_1__vit_gigantic_16__temporal_attn__layer_48__seed_102,main,IntPhys2,V-JEPA 2.1,ViT-Gigantic/16,Attentive,48,102,32,90,58,True,12,3050.234412,95.319825,1.535708,196.571,artifacts/probes/intphys2/seed_runs_layerwise_attentive_v1/intphys2__main__v_jepa_2_1__vit_gigantic_16__temporal_attn__layer_48/seed_102/layer_48/train/probe_last.pt
main_intphys2_attentive,intphys2__main__videomae__vit_h_16__temporal_attn__layer_8,intphys2__main__videomae__vit_h_16__temporal_attn__layer_8__seed_101,main,IntPhys2,VideoMAE,ViT-H/16,Attentive,8,101,43,90,47,True,23,1186.386120,27.590375,0.360208,46.107,artifacts/probes/intphys2/seed_runs_layerwise_attentive_v1/intphys2__main__videomae__vit_h_16__temporal_attn__layer_8/seed_101/layer_8/train/probe_last.pt
main_intphys2_attentive,intphys2__main__videomae__vit_h_16__temporal_attn__layer_8,intphys2__main__videomae__vit_h_16__temporal_attn__layer_8__seed_102,main,IntPhys2,VideoMAE,ViT-H/16,Attentive,8,102,36,90,54,True,16,1000.927690,27.803547,0.417053,53.383,artifacts/probes/intphys2/seed_runs_layerwise_attentive_v1/intphys2__main__videomae__vit_h_16__temporal_attn__layer_8/seed_102/layer_8/train/probe_last.pt
main_intphys2_attentive,intphys2__main__videomae__vit_h_16__temporal_attn__layer_16,intphys2__main__videomae__vit_h_16__temporal_attn__layer_16__seed_101,main,IntPhys2,VideoMAE,ViT-H/16,Attentive,16,101,78,90,12,True,58,1969.015156,25.243784,0.084146,10.771,artifacts/probes/intphys2/seed_runs_layerwise_attentive_v1/intphys2__main__videomae__vit_h_16__temporal_attn__layer_16/seed_101/layer_16/train/probe_last.pt
main_intphys2_attentive,intphys2__main__videomae__vit_h_16__temporal_attn__layer_16,intphys2__main__videomae__vit_h_16__temporal_attn__layer_16__seed_102,main,IntPhys2,VideoMAE,ViT-H/16,Attentive,16,102,72,90,18,True,52,1779.126889,24.710096,0.123550,15.814,artifacts/probes/intphys2/seed_runs_layerwise_attentive_v1/intphys2__main__videomae__vit_h_16__temporal_attn__layer_16/seed_102/layer_16/train/probe_last.pt
main_intphys2_attentive,intphys2__main__videomae__vit_h_16__temporal_attn__layer_24,intphys2__main__videomae__vit_h_16__temporal_attn__layer_24__seed_101,main,IntPhys2,VideoMAE,ViT-H/16,Attentive,24,101,81,90,9,True,61,1998.447800,24.672195,0.061680,7.895,artifacts/probes/intphys2/seed_runs_layerwise_attentive_v1/intphys2__main__videomae__vit_h_16__temporal_attn__layer_24/seed_101/layer_24/train/probe_last.pt
main_intphys2_attentive,intphys2__main__videomae__vit_h_16__temporal_attn__layer_24,intphys2__main__videomae__vit_h_16__temporal_attn__layer_24__seed_102,main,IntPhys2,VideoMAE,ViT-H/16,Attentive,24,102,90,90,0,False,89,2220.252316,24.669470,0.000000,0.000,artifacts/probes/intphys2/seed_runs_layerwise_attentive_v1/intphys2__main__videomae__vit_h_16__temporal_attn__layer_24/seed_102/layer_24/train/probe_last.pt
main_intphys2_attentive,intphys2__main__videomae__vit_h_16__temporal_attn__layer_32,intphys2__main__videomae__vit_h_16__temporal_attn__layer_32__seed_101,main,IntPhys2,VideoMAE,ViT-H/16,Attentive,32,101,86,90,4,True,66,2238.977445,26.034621,0.028927,3.703,artifacts/probes/intphys2/seed_runs_layerwise_attentive_v1/intphys2__main__videomae__vit_h_16__temporal_attn__layer_32/seed_101/layer_32/train/probe_last.pt
main_intphys2_attentive,intphys2__main__videomae__vit_h_16__temporal_attn__layer_32,intphys2__main__videomae__vit_h_16__temporal_attn__layer_32__seed_102,main,IntPhys2,VideoMAE,ViT-H/16,Attentive,32,102,39,90,51,True,19,1024.509713,26.269480,0.372151,47.635,artifacts/probes/intphys2/seed_runs_layerwise_attentive_v1/intphys2__main__videomae__vit_h_16__temporal_attn__layer_32/seed_102/layer_32/train/probe_last.pt
main_intphys2_attentive,intphys2__main__videomae_v2__vit_g_16__temporal_attn__layer_10,intphys2__main__videomae_v2__vit_g_16__temporal_attn__layer_10__seed_101,main,IntPhys2,VideoMAE-v2,ViT-G/16,Attentive,10,101,56,90,34,True,36,2000.734048,35.727394,0.337425,43.190,artifacts/probes/intphys2/seed_runs_layerwise_attentive_v1/intphys2__main__videomae_v2__vit_g_16__temporal_attn__layer_10/seed_101/layer_10/train/probe_last.pt
main_intphys2_attentive,intphys2__main__videomae_v2__vit_g_16__temporal_attn__layer_10,intphys2__main__videomae_v2__vit_g_16__temporal_attn__layer_10__seed_102,main,IntPhys2,VideoMAE-v2,ViT-G/16,Attentive,10,102,43,90,47,True,23,1518.137993,35.305535,0.460933,58.999,artifacts/probes/intphys2/seed_runs_layerwise_attentive_v1/intphys2__main__videomae_v2__vit_g_16__temporal_attn__layer_10/seed_102/layer_10/train/probe_last.pt
main_intphys2_attentive,intphys2__main__videomae_v2__vit_g_16__temporal_attn__layer_20,intphys2__main__videomae_v2__vit_g_16__temporal_attn__layer_20__seed_101,main,IntPhys2,VideoMAE-v2,ViT-G/16,Attentive,20,101,44,90,46,True,24,1700.475014,38.647159,0.493825,63.210,artifacts/probes/intphys2/seed_runs_layerwise_attentive_v1/intphys2__main__videomae_v2__vit_g_16__temporal_attn__layer_20/seed_101/layer_20/train/probe_last.pt
main_intphys2_attentive,intphys2__main__videomae_v2__vit_g_16__temporal_attn__layer_20,intphys2__main__videomae_v2__vit_g_16__temporal_attn__layer_20__seed_102,main,IntPhys2,VideoMAE-v2,ViT-G/16,Attentive,20,102,43,90,47,True,23,1640.266025,38.145722,0.498014,63.746,artifacts/probes/intphys2/seed_runs_layerwise_attentive_v1/intphys2__main__videomae_v2__vit_g_16__temporal_attn__layer_20/seed_102/layer_20/train/probe_last.pt
main_intphys2_attentive,intphys2__main__videomae_v2__vit_g_16__temporal_attn__layer_30,intphys2__main__videomae_v2__vit_g_16__temporal_attn__layer_30__seed_101,main,IntPhys2,VideoMAE-v2,ViT-G/16,Attentive,30,101,21,90,69,True,1,732.973316,34.903491,0.668984,85.630,artifacts/probes/intphys2/seed_runs_layerwise_attentive_v1/intphys2__main__videomae_v2__vit_g_16__temporal_attn__layer_30/seed_101/layer_30/train/probe_last.pt
main_intphys2_attentive,intphys2__main__videomae_v2__vit_g_16__temporal_attn__layer_30,intphys2__main__videomae_v2__vit_g_16__temporal_attn__layer_30__seed_102,main,IntPhys2,VideoMAE-v2,ViT-G/16,Attentive,30,102,45,90,45,True,25,1570.262907,34.894731,0.436184,55.832,artifacts/probes/intphys2/seed_runs_layerwise_attentive_v1/intphys2__main__videomae_v2__vit_g_16__temporal_attn__layer_30/seed_102/layer_30/train/probe_last.pt
main_intphys2_attentive,intphys2__main__videomae_v2__vit_g_16__temporal_attn__layer_40,intphys2__main__videomae_v2__vit_g_16__temporal_attn__layer_40__seed_101,main,IntPhys2,VideoMAE-v2,ViT-G/16,Attentive,40,101,36,90,54,True,16,1273.987336,35.388537,0.530828,67.946,artifacts/probes/intphys2/seed_runs_layerwise_attentive_v1/intphys2__main__videomae_v2__vit_g_16__temporal_attn__layer_40/seed_101/layer_40/train/probe_last.pt
main_intphys2_attentive,intphys2__main__videomae_v2__vit_g_16__temporal_attn__layer_40,intphys2__main__videomae_v2__vit_g_16__temporal_attn__layer_40__seed_102,main,IntPhys2,VideoMAE-v2,ViT-G/16,Attentive,40,102,43,90,47,True,23,1678.560884,39.036300,0.509641,65.234,artifacts/probes/intphys2/seed_runs_layerwise_attentive_v1/intphys2__main__videomae_v2__vit_g_16__temporal_attn__layer_40/seed_102/layer_40/train/probe_last.pt
same_l_attentive,intphys2__same_l__v_jepa__vit_l_16__temporal_attn__layer_6,intphys2__same_l__v_jepa__vit_l_16__temporal_attn__layer_6__seed_101,same_L,IntPhys2,V-JEPA,ViT-L/16,Attentive,6,101,35,90,55,True,15,675.397579,19.297074,0.294816,37.736,artifacts/probes/intphys2/seed_runs_layerwise_same_l_attentive_v1/intphys2__same_l__v_jepa__vit_l_16__temporal_attn__layer_6/seed_101/layer_6/train/probe_last.pt
same_l_attentive,intphys2__same_l__v_jepa__vit_l_16__temporal_attn__layer_6,intphys2__same_l__v_jepa__vit_l_16__temporal_attn__layer_6__seed_102,same_L,IntPhys2,V-JEPA,ViT-L/16,Attentive,6,102,37,90,53,True,17,713.445468,19.282310,0.283878,36.336,artifacts/probes/intphys2/seed_runs_layerwise_same_l_attentive_v1/intphys2__same_l__v_jepa__vit_l_16__temporal_attn__layer_6/seed_102/layer_6/train/probe_last.pt
same_l_attentive,intphys2__same_l__v_jepa__vit_l_16__temporal_attn__layer_12,intphys2__same_l__v_jepa__vit_l_16__temporal_attn__layer_12__seed_101,same_L,IntPhys2,V-JEPA,ViT-L/16,Attentive,12,101,90,90,0,False,84,1649.508003,18.327867,0.000000,0.000,artifacts/probes/intphys2/seed_runs_layerwise_same_l_attentive_v1/intphys2__same_l__v_jepa__vit_l_16__temporal_attn__layer_12/seed_101/layer_12/train/probe_last.pt
same_l_attentive,intphys2__same_l__v_jepa__vit_l_16__temporal_attn__layer_12,intphys2__same_l__v_jepa__vit_l_16__temporal_attn__layer_12__seed_102,same_L,IntPhys2,V-JEPA,ViT-L/16,Attentive,12,102,90,90,0,False,89,1651.485020,18.349834,0.000000,0.000,artifacts/probes/intphys2/seed_runs_layerwise_same_l_attentive_v1/intphys2__same_l__v_jepa__vit_l_16__temporal_attn__layer_12/seed_102/layer_12/train/probe_last.pt
same_l_attentive,intphys2__same_l__v_jepa__vit_l_16__temporal_attn__layer_18,intphys2__same_l__v_jepa__vit_l_16__temporal_attn__layer_18__seed_101,same_L,IntPhys2,V-JEPA,ViT-L/16,Attentive,18,101,90,90,0,False,77,1627.434969,18.082611,0.000000,0.000,artifacts/probes/intphys2/seed_runs_layerwise_same_l_attentive_v1/intphys2__same_l__v_jepa__vit_l_16__temporal_attn__layer_18/seed_101/layer_18/train/probe_last.pt
same_l_attentive,intphys2__same_l__v_jepa__vit_l_16__temporal_attn__layer_18,intphys2__same_l__v_jepa__vit_l_16__temporal_attn__layer_18__seed_102,same_L,IntPhys2,V-JEPA,ViT-L/16,Attentive,18,102,81,90,9,True,61,1463.246342,18.064770,0.045162,5.781,artifacts/probes/intphys2/seed_runs_layerwise_same_l_attentive_v1/intphys2__same_l__v_jepa__vit_l_16__temporal_attn__layer_18/seed_102/layer_18/train/probe_last.pt
same_l_attentive,intphys2__same_l__v_jepa__vit_l_16__temporal_attn__layer_24,intphys2__same_l__v_jepa__vit_l_16__temporal_attn__layer_24__seed_101,same_L,IntPhys2,V-JEPA,ViT-L/16,Attentive,24,101,75,90,15,True,55,1452.968438,19.372913,0.080720,10.332,artifacts/probes/intphys2/seed_runs_layerwise_same_l_attentive_v1/intphys2__same_l__v_jepa__vit_l_16__temporal_attn__layer_24/seed_101/layer_24/train/probe_last.pt
same_l_attentive,intphys2__same_l__v_jepa__vit_l_16__temporal_attn__layer_24,intphys2__same_l__v_jepa__vit_l_16__temporal_attn__layer_24__seed_102,same_L,IntPhys2,V-JEPA,ViT-L/16,Attentive,24,102,83,90,7,True,63,1624.685352,19.574522,0.038062,4.872,artifacts/probes/intphys2/seed_runs_layerwise_same_l_attentive_v1/intphys2__same_l__v_jepa__vit_l_16__temporal_attn__layer_24/seed_102/layer_24/train/probe_last.pt
same_l_attentive,intphys2__same_l__v_jepa_2__vit_l_16__temporal_attn__layer_6,intphys2__same_l__v_jepa_2__vit_l_16__temporal_attn__layer_6__seed_101,same_L,IntPhys2,V-JEPA 2,ViT-L/16,Attentive,6,101,32,90,58,True,12,841.152135,26.286004,0.423497,54.208,artifacts/probes/intphys2/seed_runs_layerwise_same_l_attentive_v1/intphys2__same_l__v_jepa_2__vit_l_16__temporal_attn__layer_6/seed_101/layer_6/train/probe_last.pt
same_l_attentive,intphys2__same_l__v_jepa_2__vit_l_16__temporal_attn__layer_6,intphys2__same_l__v_jepa_2__vit_l_16__temporal_attn__layer_6__seed_102,same_L,IntPhys2,V-JEPA 2,ViT-L/16,Attentive,6,102,33,90,57,True,13,847.764429,25.689831,0.406756,52.065,artifacts/probes/intphys2/seed_runs_layerwise_same_l_attentive_v1/intphys2__same_l__v_jepa_2__vit_l_16__temporal_attn__layer_6/seed_102/layer_6/train/probe_last.pt
same_l_attentive,intphys2__same_l__v_jepa_2__vit_l_16__temporal_attn__layer_12,intphys2__same_l__v_jepa_2__vit_l_16__temporal_attn__layer_12__seed_101,same_L,IntPhys2,V-JEPA 2,ViT-L/16,Attentive,12,101,52,90,38,True,32,1280.730755,24.629438,0.259977,33.277,artifacts/probes/intphys2/seed_runs_layerwise_same_l_attentive_v1/intphys2__same_l__v_jepa_2__vit_l_16__temporal_attn__layer_12/seed_101/layer_12/train/probe_last.pt
same_l_attentive,intphys2__same_l__v_jepa_2__vit_l_16__temporal_attn__layer_12,intphys2__same_l__v_jepa_2__vit_l_16__temporal_attn__layer_12__seed_102,same_L,IntPhys2,V-JEPA 2,ViT-L/16,Attentive,12,102,68,90,22,True,48,1676.672481,24.656948,0.150681,19.287,artifacts/probes/intphys2/seed_runs_layerwise_same_l_attentive_v1/intphys2__same_l__v_jepa_2__vit_l_16__temporal_attn__layer_12/seed_102/layer_12/train/probe_last.pt
same_l_attentive,intphys2__same_l__v_jepa_2__vit_l_16__temporal_attn__layer_18,intphys2__same_l__v_jepa_2__vit_l_16__temporal_attn__layer_18__seed_101,same_L,IntPhys2,V-JEPA 2,ViT-L/16,Attentive,18,101,73,90,17,True,53,1817.630764,24.899052,0.117579,15.050,artifacts/probes/intphys2/seed_runs_layerwise_same_l_attentive_v1/intphys2__same_l__v_jepa_2__vit_l_16__temporal_attn__layer_18/seed_101/layer_18/train/probe_last.pt
same_l_attentive,intphys2__same_l__v_jepa_2__vit_l_16__temporal_attn__layer_18,intphys2__same_l__v_jepa_2__vit_l_16__temporal_attn__layer_18__seed_102,same_L,IntPhys2,V-JEPA 2,ViT-L/16,Attentive,18,102,70,90,20,True,50,1733.042135,24.757745,0.137543,17.606,artifacts/probes/intphys2/seed_runs_layerwise_same_l_attentive_v1/intphys2__same_l__v_jepa_2__vit_l_16__temporal_attn__layer_18/seed_102/layer_18/train/probe_last.pt
same_l_attentive,intphys2__same_l__v_jepa_2__vit_l_16__temporal_attn__layer_24,intphys2__same_l__v_jepa_2__vit_l_16__temporal_attn__layer_24__seed_101,same_L,IntPhys2,V-JEPA 2,ViT-L/16,Attentive,24,101,60,90,30,True,40,1549.064212,25.817737,0.215148,27.539,artifacts/probes/intphys2/seed_runs_layerwise_same_l_attentive_v1/intphys2__same_l__v_jepa_2__vit_l_16__temporal_attn__layer_24/seed_101/layer_24/train/probe_last.pt
same_l_attentive,intphys2__same_l__v_jepa_2__vit_l_16__temporal_attn__layer_24,intphys2__same_l__v_jepa_2__vit_l_16__temporal_attn__layer_24__seed_102,same_L,IntPhys2,V-JEPA 2,ViT-L/16,Attentive,24,102,50,90,40,True,30,1318.686149,26.373723,0.293041,37.509,artifacts/probes/intphys2/seed_runs_layerwise_same_l_attentive_v1/intphys2__same_l__v_jepa_2__vit_l_16__temporal_attn__layer_24/seed_102/layer_24/train/probe_last.pt
same_l_attentive,intphys2__same_l__v_jepa_2_1__vit_l_16__temporal_attn__layer_6,intphys2__same_l__v_jepa_2_1__vit_l_16__temporal_attn__layer_6__seed_101,same_L,IntPhys2,V-JEPA 2.1,ViT-L/16,Attentive,6,101,46,90,44,True,26,2439.678781,53.036495,0.648224,82.973,artifacts/probes/intphys2/seed_runs_layerwise_same_l_attentive_v1/intphys2__same_l__v_jepa_2_1__vit_l_16__temporal_attn__layer_6/seed_101/layer_6/train/probe_last.pt
same_l_attentive,intphys2__same_l__v_jepa_2_1__vit_l_16__temporal_attn__layer_6,intphys2__same_l__v_jepa_2_1__vit_l_16__temporal_attn__layer_6__seed_102,same_L,IntPhys2,V-JEPA 2.1,ViT-L/16,Attentive,6,102,45,90,45,True,25,2498.006574,55.511257,0.693891,88.818,artifacts/probes/intphys2/seed_runs_layerwise_same_l_attentive_v1/intphys2__same_l__v_jepa_2_1__vit_l_16__temporal_attn__layer_6/seed_102/layer_6/train/probe_last.pt
same_l_attentive,intphys2__same_l__v_jepa_2_1__vit_l_16__temporal_attn__layer_12,intphys2__same_l__v_jepa_2_1__vit_l_16__temporal_attn__layer_12__seed_101,same_L,IntPhys2,V-JEPA 2.1,ViT-L/16,Attentive,12,101,84,90,6,True,64,4802.092610,57.167769,0.095280,12.196,artifacts/probes/intphys2/seed_runs_layerwise_same_l_attentive_v1/intphys2__same_l__v_jepa_2_1__vit_l_16__temporal_attn__layer_12/seed_101/layer_12/train/probe_last.pt
same_l_attentive,intphys2__same_l__v_jepa_2_1__vit_l_16__temporal_attn__layer_12,intphys2__same_l__v_jepa_2_1__vit_l_16__temporal_attn__layer_12__seed_102,same_L,IntPhys2,V-JEPA 2.1,ViT-L/16,Attentive,12,102,30,90,60,True,10,1618.896753,53.963225,0.899387,115.122,artifacts/probes/intphys2/seed_runs_layerwise_same_l_attentive_v1/intphys2__same_l__v_jepa_2_1__vit_l_16__temporal_attn__layer_12/seed_102/layer_12/train/probe_last.pt
same_l_attentive,intphys2__same_l__v_jepa_2_1__vit_l_16__temporal_attn__layer_18,intphys2__same_l__v_jepa_2_1__vit_l_16__temporal_attn__layer_18__seed_101,same_L,IntPhys2,V-JEPA 2.1,ViT-L/16,Attentive,18,101,62,90,28,True,42,3498.805355,56.432344,0.438918,56.182,artifacts/probes/intphys2/seed_runs_layerwise_same_l_attentive_v1/intphys2__same_l__v_jepa_2_1__vit_l_16__temporal_attn__layer_18/seed_101/layer_18/train/probe_last.pt
same_l_attentive,intphys2__same_l__v_jepa_2_1__vit_l_16__temporal_attn__layer_18,intphys2__same_l__v_jepa_2_1__vit_l_16__temporal_attn__layer_18__seed_102,same_L,IntPhys2,V-JEPA 2.1,ViT-L/16,Attentive,18,102,90,90,0,False,87,5280.085948,58.667622,0.000000,0.000,artifacts/probes/intphys2/seed_runs_layerwise_same_l_attentive_v1/intphys2__same_l__v_jepa_2_1__vit_l_16__temporal_attn__layer_18/seed_102/layer_18/train/probe_last.pt
same_l_attentive,intphys2__same_l__v_jepa_2_1__vit_l_16__temporal_attn__layer_24,intphys2__same_l__v_jepa_2_1__vit_l_16__temporal_attn__layer_24__seed_101,same_L,IntPhys2,V-JEPA 2.1,ViT-L/16,Attentive,24,101,82,90,8,True,62,4725.645339,57.629821,0.128066,16.392,artifacts/probes/intphys2/seed_runs_layerwise_same_l_attentive_v1/intphys2__same_l__v_jepa_2_1__vit_l_16__temporal_attn__layer_24/seed_101/layer_24/train/probe_last.pt
same_l_attentive,intphys2__same_l__v_jepa_2_1__vit_l_16__temporal_attn__layer_24,intphys2__same_l__v_jepa_2_1__vit_l_16__temporal_attn__layer_24__seed_102,same_L,IntPhys2,V-JEPA 2.1,ViT-L/16,Attentive,24,102,90,90,0,False,88,4854.074409,53.934160,0.000000,0.000,artifacts/probes/intphys2/seed_runs_layerwise_same_l_attentive_v1/intphys2__same_l__v_jepa_2_1__vit_l_16__temporal_attn__layer_24/seed_102/layer_24/train/probe_last.pt
same_l_attentive,intphys2__same_l__videomae__vit_l_16__temporal_attn__layer_6,intphys2__same_l__videomae__vit_l_16__temporal_attn__layer_6__seed_101,same_L,IntPhys2,VideoMAE,ViT-L/16,Attentive,6,101,46,90,44,True,26,1099.650751,23.905451,0.292178,37.399,artifacts/probes/intphys2/seed_runs_layerwise_same_l_attentive_v1/intphys2__same_l__videomae__vit_l_16__temporal_attn__layer_6/seed_101/layer_6/train/probe_last.pt
same_l_attentive,intphys2__same_l__videomae__vit_l_16__temporal_attn__layer_6,intphys2__same_l__videomae__vit_l_16__temporal_attn__layer_6__seed_102,same_L,IntPhys2,VideoMAE,ViT-L/16,Attentive,6,102,41,90,49,True,21,953.685076,23.260612,0.316603,40.525,artifacts/probes/intphys2/seed_runs_layerwise_same_l_attentive_v1/intphys2__same_l__videomae__vit_l_16__temporal_attn__layer_6/seed_102/layer_6/train/probe_last.pt
same_l_attentive,intphys2__same_l__videomae__vit_l_16__temporal_attn__layer_12,intphys2__same_l__videomae__vit_l_16__temporal_attn__layer_12__seed_101,same_L,IntPhys2,VideoMAE,ViT-L/16,Attentive,12,101,56,90,34,True,36,1257.349959,22.452678,0.212053,27.143,artifacts/probes/intphys2/seed_runs_layerwise_same_l_attentive_v1/intphys2__same_l__videomae__vit_l_16__temporal_attn__layer_12/seed_101/layer_12/train/probe_last.pt
same_l_attentive,intphys2__same_l__videomae__vit_l_16__temporal_attn__layer_12,intphys2__same_l__videomae__vit_l_16__temporal_attn__layer_12__seed_102,same_L,IntPhys2,VideoMAE,ViT-L/16,Attentive,12,102,47,90,43,True,27,1048.341769,22.305144,0.266423,34.102,artifacts/probes/intphys2/seed_runs_layerwise_same_l_attentive_v1/intphys2__same_l__videomae__vit_l_16__temporal_attn__layer_12/seed_102/layer_12/train/probe_last.pt
same_l_attentive,intphys2__same_l__videomae__vit_l_16__temporal_attn__layer_18,intphys2__same_l__videomae__vit_l_16__temporal_attn__layer_18__seed_101,same_L,IntPhys2,VideoMAE,ViT-L/16,Attentive,18,101,68,90,22,True,48,1454.639675,21.391760,0.130727,16.733,artifacts/probes/intphys2/seed_runs_layerwise_same_l_attentive_v1/intphys2__same_l__videomae__vit_l_16__temporal_attn__layer_18/seed_101/layer_18/train/probe_last.pt
same_l_attentive,intphys2__same_l__videomae__vit_l_16__temporal_attn__layer_18,intphys2__same_l__videomae__vit_l_16__temporal_attn__layer_18__seed_102,same_L,IntPhys2,VideoMAE,ViT-L/16,Attentive,18,102,79,90,11,True,59,1736.040506,21.975196,0.067146,8.595,artifacts/probes/intphys2/seed_runs_layerwise_same_l_attentive_v1/intphys2__same_l__videomae__vit_l_16__temporal_attn__layer_18/seed_102/layer_18/train/probe_last.pt
same_l_attentive,intphys2__same_l__videomae__vit_l_16__temporal_attn__layer_24,intphys2__same_l__videomae__vit_l_16__temporal_attn__layer_24__seed_101,same_L,IntPhys2,VideoMAE,ViT-L/16,Attentive,24,101,47,90,43,True,27,1052.277935,22.388892,0.267423,34.230,artifacts/probes/intphys2/seed_runs_layerwise_same_l_attentive_v1/intphys2__same_l__videomae__vit_l_16__temporal_attn__layer_24/seed_101/layer_24/train/probe_last.pt
same_l_attentive,intphys2__same_l__videomae__vit_l_16__temporal_attn__layer_24,intphys2__same_l__videomae__vit_l_16__temporal_attn__layer_24__seed_102,same_L,IntPhys2,VideoMAE,ViT-L/16,Attentive,24,102,66,90,24,True,46,1434.478685,21.734526,0.144897,18.547,artifacts/probes/intphys2/seed_runs_layerwise_same_l_attentive_v1/intphys2__same_l__videomae__vit_l_16__temporal_attn__layer_24/seed_102/layer_24/train/probe_last.pt
same_l_attentive,intphys2__same_l__videomae_v2__vit_l_16__temporal_attn__layer_6,intphys2__same_l__videomae_v2__vit_l_16__temporal_attn__layer_6__seed_101,same_L,IntPhys2,VideoMAE-v2,ViT-L/16,Attentive,6,101,58,90,32,True,38,1262.553296,21.768160,0.193495,24.767,artifacts/probes/intphys2/seed_runs_layerwise_same_l_attentive_v1/intphys2__same_l__videomae_v2__vit_l_16__temporal_attn__layer_6/seed_101/layer_6/train/probe_last.pt
same_l_attentive,intphys2__same_l__videomae_v2__vit_l_16__temporal_attn__layer_6,intphys2__same_l__videomae_v2__vit_l_16__temporal_attn__layer_6__seed_102,same_L,IntPhys2,VideoMAE-v2,ViT-L/16,Attentive,6,102,27,90,63,True,7,561.144386,20.783125,0.363705,46.554,artifacts/probes/intphys2/seed_runs_layerwise_same_l_attentive_v1/intphys2__same_l__videomae_v2__vit_l_16__temporal_attn__layer_6/seed_102/layer_6/train/probe_last.pt
same_l_attentive,intphys2__same_l__videomae_v2__vit_l_16__temporal_attn__layer_12,intphys2__same_l__videomae_v2__vit_l_16__temporal_attn__layer_12__seed_101,same_L,IntPhys2,VideoMAE-v2,ViT-L/16,Attentive,12,101,45,90,45,True,25,1006.270775,22.361573,0.279520,35.779,artifacts/probes/intphys2/seed_runs_layerwise_same_l_attentive_v1/intphys2__same_l__videomae_v2__vit_l_16__temporal_attn__layer_12/seed_101/layer_12/train/probe_last.pt
same_l_attentive,intphys2__same_l__videomae_v2__vit_l_16__temporal_attn__layer_12,intphys2__same_l__videomae_v2__vit_l_16__temporal_attn__layer_12__seed_102,same_L,IntPhys2,VideoMAE-v2,ViT-L/16,Attentive,12,102,77,90,13,True,57,1516.848699,19.699334,0.071136,9.105,artifacts/probes/intphys2/seed_runs_layerwise_same_l_attentive_v1/intphys2__same_l__videomae_v2__vit_l_16__temporal_attn__layer_12/seed_102/layer_12/train/probe_last.pt
same_l_attentive,intphys2__same_l__videomae_v2__vit_l_16__temporal_attn__layer_18,intphys2__same_l__videomae_v2__vit_l_16__temporal_attn__layer_18__seed_101,same_L,IntPhys2,VideoMAE-v2,ViT-L/16,Attentive,18,101,89,90,1,True,69,1834.324370,20.610386,0.005725,0.733,artifacts/probes/intphys2/seed_runs_layerwise_same_l_attentive_v1/intphys2__same_l__videomae_v2__vit_l_16__temporal_attn__layer_18/seed_101/layer_18/train/probe_last.pt
same_l_attentive,intphys2__same_l__videomae_v2__vit_l_16__temporal_attn__layer_18,intphys2__same_l__videomae_v2__vit_l_16__temporal_attn__layer_18__seed_102,same_L,IntPhys2,VideoMAE-v2,ViT-L/16,Attentive,18,102,86,90,4,True,66,1735.886515,20.184727,0.022427,2.871,artifacts/probes/intphys2/seed_runs_layerwise_same_l_attentive_v1/intphys2__same_l__videomae_v2__vit_l_16__temporal_attn__layer_18/seed_102/layer_18/train/probe_last.pt
same_l_attentive,intphys2__same_l__videomae_v2__vit_l_16__temporal_attn__layer_24,intphys2__same_l__videomae_v2__vit_l_16__temporal_attn__layer_24__seed_101,same_L,IntPhys2,VideoMAE-v2,ViT-L/16,Attentive,24,101,52,90,38,True,32,1030.015725,19.807995,0.209084,26.763,artifacts/probes/intphys2/seed_runs_layerwise_same_l_attentive_v1/intphys2__same_l__videomae_v2__vit_l_16__temporal_attn__layer_24/seed_101/layer_24/train/probe_last.pt
same_l_attentive,intphys2__same_l__videomae_v2__vit_l_16__temporal_attn__layer_24,intphys2__same_l__videomae_v2__vit_l_16__temporal_attn__layer_24__seed_102,same_L,IntPhys2,VideoMAE-v2,ViT-L/16,Attentive,24,102,60,90,30,True,40,1328.516938,22.141949,0.184516,23.618,artifacts/probes/intphys2/seed_runs_layerwise_same_l_attentive_v1/intphys2__same_l__videomae_v2__vit_l_16__temporal_attn__layer_24/seed_102/layer_24/train/probe_last.pt
same_l_attentive,mvp__same_l__jepa_v1__vitl16_224__temporal_attn__layer_6,mvp__same_l__jepa_v1__vitl16_224__temporal_attn__layer_6__seed_101,same_L,MVP,V-JEPA,ViT-L/16,Attentive,6,101,30,30,0,False,29,6240.643783,208.021459,0.000000,0.000,artifacts/probes/mvp/seed_runs_layerwise_same_l_attentive_v1/mvp__same_l__jepa_v1__vitl16_224__temporal_attn__layer_6/seed_101/layer_6/train/probe_last.pt
same_l_attentive,mvp__same_l__jepa_v1__vitl16_224__temporal_attn__layer_6,mvp__same_l__jepa_v1__vitl16_224__temporal_attn__layer_6__seed_102,same_L,MVP,V-JEPA,ViT-L/16,Attentive,6,102,30,30,0,False,29,6124.846416,204.161547,0.000000,0.000,artifacts/probes/mvp/seed_runs_layerwise_same_l_attentive_v1/mvp__same_l__jepa_v1__vitl16_224__temporal_attn__layer_6/seed_102/layer_6/train/probe_last.pt
same_l_attentive,mvp__same_l__jepa_v1__vitl16_224__temporal_attn__layer_12,mvp__same_l__jepa_v1__vitl16_224__temporal_attn__layer_12__seed_101,same_L,MVP,V-JEPA,ViT-L/16,Attentive,12,101,30,30,0,False,27,6128.794186,204.293140,0.000000,0.000,artifacts/probes/mvp/seed_runs_layerwise_same_l_attentive_v1/mvp__same_l__jepa_v1__vitl16_224__temporal_attn__layer_12/seed_101/layer_12/train/probe_last.pt
same_l_attentive,mvp__same_l__jepa_v1__vitl16_224__temporal_attn__layer_12,mvp__same_l__jepa_v1__vitl16_224__temporal_attn__layer_12__seed_102,same_L,MVP,V-JEPA,ViT-L/16,Attentive,12,102,30,30,0,False,27,6166.063011,205.535434,0.000000,0.000,artifacts/probes/mvp/seed_runs_layerwise_same_l_attentive_v1/mvp__same_l__jepa_v1__vitl16_224__temporal_attn__layer_12/seed_102/layer_12/train/probe_last.pt
same_l_attentive,mvp__same_l__jepa_v1__vitl16_224__temporal_attn__layer_18,mvp__same_l__jepa_v1__vitl16_224__temporal_attn__layer_18__seed_101,same_L,MVP,V-JEPA,ViT-L/16,Attentive,18,101,30,30,0,False,29,6188.475192,206.282506,0.000000,0.000,artifacts/probes/mvp/seed_runs_layerwise_same_l_attentive_v1/mvp__same_l__jepa_v1__vitl16_224__temporal_attn__layer_18/seed_101/layer_18/train/probe_last.pt
same_l_attentive,mvp__same_l__jepa_v1__vitl16_224__temporal_attn__layer_18,mvp__same_l__jepa_v1__vitl16_224__temporal_attn__layer_18__seed_102,same_L,MVP,V-JEPA,ViT-L/16,Attentive,18,102,28,30,2,True,23,5732.824663,204.743738,0.113747,14.560,artifacts/probes/mvp/seed_runs_layerwise_same_l_attentive_v1/mvp__same_l__jepa_v1__vitl16_224__temporal_attn__layer_18/seed_102/layer_18/train/probe_last.pt
same_l_attentive,mvp__same_l__jepa_v1__vitl16_224__temporal_attn__layer_24,mvp__same_l__jepa_v1__vitl16_224__temporal_attn__layer_24__seed_101,same_L,MVP,V-JEPA,ViT-L/16,Attentive,24,101,30,30,0,False,29,6171.453131,205.715104,0.000000,0.000,artifacts/probes/mvp/seed_runs_layerwise_same_l_attentive_v1/mvp__same_l__jepa_v1__vitl16_224__temporal_attn__layer_24/seed_101/layer_24/train/probe_last.pt
same_l_attentive,mvp__same_l__jepa_v1__vitl16_224__temporal_attn__layer_24,mvp__same_l__jepa_v1__vitl16_224__temporal_attn__layer_24__seed_102,same_L,MVP,V-JEPA,ViT-L/16,Attentive,24,102,30,30,0,False,30,6153.419132,205.113971,0.000000,0.000,artifacts/probes/mvp/seed_runs_layerwise_same_l_attentive_v1/mvp__same_l__jepa_v1__vitl16_224__temporal_attn__layer_24/seed_102/layer_24/train/probe_last.pt
same_l_attentive,mvp__same_l__jepa_v2__vitl_256__temporal_attn__layer_6,mvp__same_l__jepa_v2__vitl_256__temporal_attn__layer_6__seed_101,same_L,MVP,V-JEPA 2,ViT-L/16,Attentive,6,101,23,30,7,True,18,5881.673581,255.724938,0.497243,63.647,artifacts/probes/mvp/seed_runs_layerwise_same_l_attentive_v1/mvp__same_l__jepa_v2__vitl_256__temporal_attn__layer_6/seed_101/layer_6/train/probe_last.pt
same_l_attentive,mvp__same_l__jepa_v2__vitl_256__temporal_attn__layer_6,mvp__same_l__jepa_v2__vitl_256__temporal_attn__layer_6__seed_102,same_L,MVP,V-JEPA 2,ViT-L/16,Attentive,6,102,28,30,2,True,23,7025.597675,250.914203,0.139397,17.843,artifacts/probes/mvp/seed_runs_layerwise_same_l_attentive_v1/mvp__same_l__jepa_v2__vitl_256__temporal_attn__layer_6/seed_102/layer_6/train/probe_last.pt
same_l_attentive,mvp__same_l__jepa_v2__vitl_256__temporal_attn__layer_12,mvp__same_l__jepa_v2__vitl_256__temporal_attn__layer_12__seed_101,same_L,MVP,V-JEPA 2,ViT-L/16,Attentive,12,101,24,30,6,True,19,6226.706189,259.446091,0.432410,55.348,artifacts/probes/mvp/seed_runs_layerwise_same_l_attentive_v1/mvp__same_l__jepa_v2__vitl_256__temporal_attn__layer_12/seed_101/layer_12/train/probe_last.pt
same_l_attentive,mvp__same_l__jepa_v2__vitl_256__temporal_attn__layer_12,mvp__same_l__jepa_v2__vitl_256__temporal_attn__layer_12__seed_102,same_L,MVP,V-JEPA 2,ViT-L/16,Attentive,12,102,22,30,8,True,17,5735.104102,260.686550,0.579303,74.151,artifacts/probes/mvp/seed_runs_layerwise_same_l_attentive_v1/mvp__same_l__jepa_v2__vitl_256__temporal_attn__layer_12/seed_102/layer_12/train/probe_last.pt
same_l_attentive,mvp__same_l__jepa_v2__vitl_256__temporal_attn__layer_18,mvp__same_l__jepa_v2__vitl_256__temporal_attn__layer_18__seed_101,same_L,MVP,V-JEPA 2,ViT-L/16,Attentive,18,101,30,30,0,False,27,7987.067339,266.235578,0.000000,0.000,artifacts/probes/mvp/seed_runs_layerwise_same_l_attentive_v1/mvp__same_l__jepa_v2__vitl_256__temporal_attn__layer_18/seed_101/layer_18/train/probe_last.pt
same_l_attentive,mvp__same_l__jepa_v2__vitl_256__temporal_attn__layer_18,mvp__same_l__jepa_v2__vitl_256__temporal_attn__layer_18__seed_102,same_L,MVP,V-JEPA 2,ViT-L/16,Attentive,18,102,30,30,0,False,27,7627.114104,254.237137,0.000000,0.000,artifacts/probes/mvp/seed_runs_layerwise_same_l_attentive_v1/mvp__same_l__jepa_v2__vitl_256__temporal_attn__layer_18/seed_102/layer_18/train/probe_last.pt
same_l_attentive,mvp__same_l__jepa_v2__vitl_256__temporal_attn__layer_24,mvp__same_l__jepa_v2__vitl_256__temporal_attn__layer_24__seed_101,same_L,MVP,V-JEPA 2,ViT-L/16,Attentive,24,101,30,30,0,False,28,7773.794453,259.126482,0.000000,0.000,artifacts/probes/mvp/seed_runs_layerwise_same_l_attentive_v1/mvp__same_l__jepa_v2__vitl_256__temporal_attn__layer_24/seed_101/layer_24/train/probe_last.pt
same_l_attentive,mvp__same_l__jepa_v2__vitl_256__temporal_attn__layer_24,mvp__same_l__jepa_v2__vitl_256__temporal_attn__layer_24__seed_102,same_L,MVP,V-JEPA 2,ViT-L/16,Attentive,24,102,27,30,3,True,22,7063.469029,261.609964,0.218008,27.905,artifacts/probes/mvp/seed_runs_layerwise_same_l_attentive_v1/mvp__same_l__jepa_v2__vitl_256__temporal_attn__layer_24/seed_102/layer_24/train/probe_last.pt
same_l_attentive,mvp__same_l__jepa_v2_1__vitl_384__temporal_attn__layer_6,mvp__same_l__jepa_v2_1__vitl_384__temporal_attn__layer_6__seed_101,same_L,MVP,V-JEPA 2.1,ViT-L/16,Attentive,6,101,7,30,23,True,2,3604.675337,514.953620,3.289981,421.118,artifacts/probes/mvp/seed_runs_layerwise_same_l_attentive_v1/mvp__same_l__jepa_v2_1__vitl_384__temporal_attn__layer_6/seed_101/layer_6/train/probe_last.pt
same_l_attentive,mvp__same_l__jepa_v2_1__vitl_384__temporal_attn__layer_6,mvp__same_l__jepa_v2_1__vitl_384__temporal_attn__layer_6__seed_102,same_L,MVP,V-JEPA 2.1,ViT-L/16,Attentive,6,102,6,30,24,True,1,3099.586895,516.597816,3.443985,440.830,artifacts/probes/mvp/seed_runs_layerwise_same_l_attentive_v1/mvp__same_l__jepa_v2_1__vitl_384__temporal_attn__layer_6/seed_102/layer_6/train/probe_last.pt
same_l_attentive,mvp__same_l__jepa_v2_1__vitl_384__temporal_attn__layer_12,mvp__same_l__jepa_v2_1__vitl_384__temporal_attn__layer_12__seed_101,same_L,MVP,V-JEPA 2.1,ViT-L/16,Attentive,12,101,25,30,5,True,20,13136.570459,525.462818,0.729809,93.416,artifacts/probes/mvp/seed_runs_layerwise_same_l_attentive_v1/mvp__same_l__jepa_v2_1__vitl_384__temporal_attn__layer_12/seed_101/layer_12/train/probe_last.pt
same_l_attentive,mvp__same_l__jepa_v2_1__vitl_384__temporal_attn__layer_12,mvp__same_l__jepa_v2_1__vitl_384__temporal_attn__layer_12__seed_102,same_L,MVP,V-JEPA 2.1,ViT-L/16,Attentive,12,102,30,30,0,False,27,15847.880432,528.262681,0.000000,0.000,artifacts/probes/mvp/seed_runs_layerwise_same_l_attentive_v1/mvp__same_l__jepa_v2_1__vitl_384__temporal_attn__layer_12/seed_102/layer_12/train/probe_last.pt
same_l_attentive,mvp__same_l__jepa_v2_1__vitl_384__temporal_attn__layer_18,mvp__same_l__jepa_v2_1__vitl_384__temporal_attn__layer_18__seed_101,same_L,MVP,V-JEPA 2.1,ViT-L/16,Attentive,18,101,15,30,15,True,10,7901.207497,526.747166,2.194780,280.932,artifacts/probes/mvp/seed_runs_layerwise_same_l_attentive_v1/mvp__same_l__jepa_v2_1__vitl_384__temporal_attn__layer_18/seed_101/layer_18/train/probe_last.pt
same_l_attentive,mvp__same_l__jepa_v2_1__vitl_384__temporal_attn__layer_18,mvp__same_l__jepa_v2_1__vitl_384__temporal_attn__layer_18__seed_102,same_L,MVP,V-JEPA 2.1,ViT-L/16,Attentive,18,102,25,30,5,True,20,13536.497584,541.459903,0.752028,96.260,artifacts/probes/mvp/seed_runs_layerwise_same_l_attentive_v1/mvp__same_l__jepa_v2_1__vitl_384__temporal_attn__layer_18/seed_102/layer_18/train/probe_last.pt
same_l_attentive,mvp__same_l__jepa_v2_1__vitl_384__temporal_attn__layer_24,mvp__same_l__jepa_v2_1__vitl_384__temporal_attn__layer_24__seed_101,same_L,MVP,V-JEPA 2.1,ViT-L/16,Attentive,24,101,30,30,0,False,30,15964.490058,532.149669,0.000000,0.000,artifacts/probes/mvp/seed_runs_layerwise_same_l_attentive_v1/mvp__same_l__jepa_v2_1__vitl_384__temporal_attn__layer_24/seed_101/layer_24/train/probe_last.pt
same_l_attentive,mvp__same_l__jepa_v2_1__vitl_384__temporal_attn__layer_24,mvp__same_l__jepa_v2_1__vitl_384__temporal_attn__layer_24__seed_102,same_L,MVP,V-JEPA 2.1,ViT-L/16,Attentive,24,102,29,30,1,True,24,15539.191949,535.834205,0.148843,19.052,artifacts/probes/mvp/seed_runs_layerwise_same_l_attentive_v1/mvp__same_l__jepa_v2_1__vitl_384__temporal_attn__layer_24/seed_102/layer_24/train/probe_last.pt
same_l_attentive,mvp__same_l__videomae__vit_large_16_224__temporal_attn__layer_6,mvp__same_l__videomae__vit_large_16_224__temporal_attn__layer_6__seed_101,same_L,MVP,VideoMAE,ViT-L/16,Attentive,6,101,30,30,0,False,30,7076.625794,235.887526,0.000000,0.000,artifacts/probes/mvp/seed_runs_layerwise_same_l_attentive_v1/mvp__same_l__videomae__vit_large_16_224__temporal_attn__layer_6/seed_101/layer_6/train/probe_last.pt
same_l_attentive,mvp__same_l__videomae__vit_large_16_224__temporal_attn__layer_6,mvp__same_l__videomae__vit_large_16_224__temporal_attn__layer_6__seed_102,same_L,MVP,VideoMAE,ViT-L/16,Attentive,6,102,30,30,0,True,25,7061.784074,235.392802,0.000000,0.000,artifacts/probes/mvp/seed_runs_layerwise_same_l_attentive_v1/mvp__same_l__videomae__vit_large_16_224__temporal_attn__layer_6/seed_102/layer_6/train/probe_last.pt
same_l_attentive,mvp__same_l__videomae__vit_large_16_224__temporal_attn__layer_12,mvp__same_l__videomae__vit_large_16_224__temporal_attn__layer_12__seed_101,same_L,MVP,VideoMAE,ViT-L/16,Attentive,12,101,28,30,2,True,23,6458.174232,230.649080,0.128138,16.402,artifacts/probes/mvp/seed_runs_layerwise_same_l_attentive_v1/mvp__same_l__videomae__vit_large_16_224__temporal_attn__layer_12/seed_101/layer_12/train/probe_last.pt
same_l_attentive,mvp__same_l__videomae__vit_large_16_224__temporal_attn__layer_12,mvp__same_l__videomae__vit_large_16_224__temporal_attn__layer_12__seed_102,same_L,MVP,VideoMAE,ViT-L/16,Attentive,12,102,28,30,2,True,23,6407.461134,228.837898,0.127132,16.273,artifacts/probes/mvp/seed_runs_layerwise_same_l_attentive_v1/mvp__same_l__videomae__vit_large_16_224__temporal_attn__layer_12/seed_102/layer_12/train/probe_last.pt
same_l_attentive,mvp__same_l__videomae__vit_large_16_224__temporal_attn__layer_18,mvp__same_l__videomae__vit_large_16_224__temporal_attn__layer_18__seed_101,same_L,MVP,VideoMAE,ViT-L/16,Attentive,18,101,30,30,0,False,30,6686.689339,222.889645,0.000000,0.000,artifacts/probes/mvp/seed_runs_layerwise_same_l_attentive_v1/mvp__same_l__videomae__vit_large_16_224__temporal_attn__layer_18/seed_101/layer_18/train/probe_last.pt
same_l_attentive,mvp__same_l__videomae__vit_large_16_224__temporal_attn__layer_18,mvp__same_l__videomae__vit_large_16_224__temporal_attn__layer_18__seed_102,same_L,MVP,VideoMAE,ViT-L/16,Attentive,18,102,27,30,3,True,22,6020.444599,222.979430,0.185816,23.784,artifacts/probes/mvp/seed_runs_layerwise_same_l_attentive_v1/mvp__same_l__videomae__vit_large_16_224__temporal_attn__layer_18/seed_102/layer_18/train/probe_last.pt
same_l_attentive,mvp__same_l__videomae__vit_large_16_224__temporal_attn__layer_24,mvp__same_l__videomae__vit_large_16_224__temporal_attn__layer_24__seed_101,same_L,MVP,VideoMAE,ViT-L/16,Attentive,24,101,30,30,0,False,29,6744.269785,224.808993,0.000000,0.000,artifacts/probes/mvp/seed_runs_layerwise_same_l_attentive_v1/mvp__same_l__videomae__vit_large_16_224__temporal_attn__layer_24/seed_101/layer_24/train/probe_last.pt
same_l_attentive,mvp__same_l__videomae__vit_large_16_224__temporal_attn__layer_24,mvp__same_l__videomae__vit_large_16_224__temporal_attn__layer_24__seed_102,same_L,MVP,VideoMAE,ViT-L/16,Attentive,24,102,30,30,0,False,29,6765.244966,225.508166,0.000000,0.000,artifacts/probes/mvp/seed_runs_layerwise_same_l_attentive_v1/mvp__same_l__videomae__vit_large_16_224__temporal_attn__layer_24/seed_102/layer_24/train/probe_last.pt
same_l_attentive,mvp__same_l__videomae_v2__vit_large_16_224__temporal_attn__layer_6,mvp__same_l__videomae_v2__vit_large_16_224__temporal_attn__layer_6__seed_101,same_L,MVP,VideoMAE-v2,ViT-L/16,Attentive,6,101,30,30,0,False,26,6857.486695,228.582890,0.000000,0.000,artifacts/probes/mvp/seed_runs_layerwise_same_l_attentive_v1/mvp__same_l__videomae_v2__vit_large_16_224__temporal_attn__layer_6/seed_101/layer_6/train/probe_last.pt
same_l_attentive,mvp__same_l__videomae_v2__vit_large_16_224__temporal_attn__layer_6,mvp__same_l__videomae_v2__vit_large_16_224__temporal_attn__layer_6__seed_102,same_L,MVP,VideoMAE-v2,ViT-L/16,Attentive,6,102,30,30,0,False,29,6816.562417,227.218747,0.000000,0.000,artifacts/probes/mvp/seed_runs_layerwise_same_l_attentive_v1/mvp__same_l__videomae_v2__vit_large_16_224__temporal_attn__layer_6/seed_102/layer_6/train/probe_last.pt
same_l_attentive,mvp__same_l__videomae_v2__vit_large_16_224__temporal_attn__layer_12,mvp__same_l__videomae_v2__vit_large_16_224__temporal_attn__layer_12__seed_101,same_L,MVP,VideoMAE-v2,ViT-L/16,Attentive,12,101,22,30,8,True,17,5022.587747,228.299443,0.507332,64.939,artifacts/probes/mvp/seed_runs_layerwise_same_l_attentive_v1/mvp__same_l__videomae_v2__vit_large_16_224__temporal_attn__layer_12/seed_101/layer_12/train/probe_last.pt
same_l_attentive,mvp__same_l__videomae_v2__vit_large_16_224__temporal_attn__layer_12,mvp__same_l__videomae_v2__vit_large_16_224__temporal_attn__layer_12__seed_102,same_L,MVP,VideoMAE-v2,ViT-L/16,Attentive,12,102,11,30,19,True,6,2497.081442,227.007404,1.198095,153.356,artifacts/probes/mvp/seed_runs_layerwise_same_l_attentive_v1/mvp__same_l__videomae_v2__vit_large_16_224__temporal_attn__layer_12/seed_102/layer_12/train/probe_last.pt
same_l_attentive,mvp__same_l__videomae_v2__vit_large_16_224__temporal_attn__layer_18,mvp__same_l__videomae_v2__vit_large_16_224__temporal_attn__layer_18__seed_101,same_L,MVP,VideoMAE-v2,ViT-L/16,Attentive,18,101,26,30,4,True,21,6014.658100,231.333004,0.257037,32.901,artifacts/probes/mvp/seed_runs_layerwise_same_l_attentive_v1/mvp__same_l__videomae_v2__vit_large_16_224__temporal_attn__layer_18/seed_101/layer_18/train/probe_last.pt
same_l_attentive,mvp__same_l__videomae_v2__vit_large_16_224__temporal_attn__layer_18,mvp__same_l__videomae_v2__vit_large_16_224__temporal_attn__layer_18__seed_102,same_L,MVP,VideoMAE-v2,ViT-L/16,Attentive,18,102,30,30,0,False,26,6995.604893,233.186830,0.000000,0.000,artifacts/probes/mvp/seed_runs_layerwise_same_l_attentive_v1/mvp__same_l__videomae_v2__vit_large_16_224__temporal_attn__layer_18/seed_102/layer_18/train/probe_last.pt
same_l_attentive,mvp__same_l__videomae_v2__vit_large_16_224__temporal_attn__layer_24,mvp__same_l__videomae_v2__vit_large_16_224__temporal_attn__layer_24__seed_101,same_L,MVP,VideoMAE-v2,ViT-L/16,Attentive,24,101,30,30,0,True,25,6817.910135,227.263671,0.000000,0.000,artifacts/probes/mvp/seed_runs_layerwise_same_l_attentive_v1/mvp__same_l__videomae_v2__vit_large_16_224__temporal_attn__layer_24/seed_101/layer_24/train/probe_last.pt
same_l_attentive,mvp__same_l__videomae_v2__vit_large_16_224__temporal_attn__layer_24,mvp__same_l__videomae_v2__vit_large_16_224__temporal_attn__layer_24__seed_102,same_L,MVP,VideoMAE-v2,ViT-L/16,Attentive,24,102,30,30,0,False,29,6877.638678,229.254623,0.000000,0.000,artifacts/probes/mvp/seed_runs_layerwise_same_l_attentive_v1/mvp__same_l__videomae_v2__vit_large_16_224__temporal_attn__layer_24/seed_102/layer_24/train/probe_last.pt
