run_set,source_summary_csv,config_id,dataset,dataset_hydra,experiment,model,backbone,probe,probe_hydra,layer,layer_label,n_seeds,seeds,test_primary_mean,test_primary_std,test_accuracy_mean,test_accuracy_std,val_primary_mean,val_primary_std,val_accuracy_mean,val_accuracy_std,train_primary_mean,train_primary_std,train_accuracy_mean,train_accuracy_std,complete,missing_seeds,notes
main_linear_mlp,results/seed_runs/layerwise_seed_summary.csv,intphys2__jepa_v1__linear__layer_16,IntPhys2,intphys2,main,V-JEPA,ViT-H/16,Linear,linear,16,Layer 0.5,3,"42,101,102",37.254902,0,58.823529,1.296937,47.058824,0,60.620915,0.56603,59.8234,2.023212,74.503311,0.758704,true,,
main_linear_mlp,results/seed_runs/layerwise_seed_summary.csv,intphys2__jepa_v1__linear__layer_24,IntPhys2,intphys2,main,V-JEPA,ViT-H/16,Linear,linear,24,Layer 0.75,3,"42,101,102",47.712418,4.081698,60.130719,1.020425,45.098039,3.396178,63.562091,1.020424,61.589404,1.324503,68.487859,1.102372,true,,
main_linear_mlp,results/seed_runs/layerwise_seed_summary.csv,intphys2__jepa_v1__linear__layer_32,IntPhys2,intphys2,main,V-JEPA,ViT-H/16,Linear,linear,32,Final layer,3,"42,101,102",48.366013,1.132059,62.091503,0.283015,47.058824,1.960785,63.72549,0.490196,64.459161,1.011606,77.207506,0.78242,true,,
main_linear_mlp,results/seed_runs/layerwise_seed_summary.csv,intphys2__jepa_v1__linear__layer_8,IntPhys2,intphys2,main,V-JEPA,ViT-H/16,Linear,linear,8,Layer 0.25,3,"42,101,102",16.339869,4.528237,50.816993,1.233633,16.993464,7.42341,54.084968,0.283015,20.750552,2.128841,51.545254,0.669114,true,,
main_linear_mlp,results/seed_runs/layerwise_seed_summary.csv,intphys2__jepa_v1__mlp__layer_16,IntPhys2,intphys2,main,V-JEPA,ViT-H/16,MLP,mlp,16,Layer 0.5,3,"42,101,102",43.137255,1.960784,62.908497,2.040849,43.137255,3.396178,62.908497,0.56603,98.233996,3.058809,97.737307,3.098873,true,,
main_linear_mlp,results/seed_runs/layerwise_seed_summary.csv,intphys2__jepa_v1__mlp__layer_24,IntPhys2,intphys2,main,V-JEPA,ViT-H/16,MLP,mlp,24,Layer 0.75,3,"42,101,102",45.751634,1.13206,61.111111,2.995148,53.594771,2.995148,63.72549,0.490196,62.030905,1.378587,68.046358,2.735548,true,,
main_linear_mlp,results/seed_runs/layerwise_seed_summary.csv,intphys2__jepa_v1__mlp__layer_32,IntPhys2,intphys2,main,V-JEPA,ViT-H/16,MLP,mlp,32,Final layer,3,"42,101,102",45.098039,1.960785,64.052288,1.981104,52.941177,3.396178,71.732026,0.748787,100,0,99.558499,0.416658,true,,
main_linear_mlp,results/seed_runs/layerwise_seed_summary.csv,intphys2__jepa_v1__mlp__layer_8,IntPhys2,intphys2,main,V-JEPA,ViT-H/16,MLP,mlp,8,Layer 0.25,3,"42,101,102",20.261438,4.081698,51.470588,0.980392,18.300653,5.660296,51.633987,0.56603,31.125828,1.986755,51.710817,0.78242,true,,
main_linear_mlp,results/seed_runs/layerwise_seed_summary.csv,intphys2__jepa_v2_1__linear__layer_12,IntPhys2,intphys2,main,V-JEPA 2.1,ViT-Gigantic/16,Linear,linear,12,Layer 0.25,3,"42,101,102",24.183007,1.132059,55.06536,1.020424,28.75817,2.264119,54.901961,0,28.256071,2.325751,54.415011,2.457554,true,,
main_linear_mlp,results/seed_runs/layerwise_seed_summary.csv,intphys2__jepa_v2_1__linear__layer_24,IntPhys2,intphys2,main,V-JEPA 2.1,ViT-Gigantic/16,Linear,linear,24,Layer 0.5,3,"42,101,102",20.261438,2.995148,55.228758,0.283015,20.915033,2.995147,55.555556,0.56603,37.527594,0.764702,57.284768,0.86029,true,,
main_linear_mlp,results/seed_runs/layerwise_seed_summary.csv,intphys2__jepa_v2_1__linear__layer_38,IntPhys2,intphys2,main,V-JEPA 2.1,ViT-Gigantic/16,Linear,linear,38,Layer 0.75,3,"42,101,102",24.183007,1.132059,53.75817,0.748787,29.411765,3.921569,55.392157,0.490196,50.331126,2.387782,58.664459,3.382241,true,,
main_linear_mlp,results/seed_runs/layerwise_seed_summary.csv,intphys2__jepa_v2_1__linear__layer_48,IntPhys2,intphys2,main,V-JEPA 2.1,ViT-Gigantic/16,Linear,linear,48,Final layer,3,"42,101,102",36.601307,2.264118,56.862745,1.767427,28.104575,2.264119,57.679738,1.132059,51.214128,2.676458,63.907285,5.90714,true,,
main_linear_mlp,results/seed_runs/layerwise_seed_summary.csv,intphys2__jepa_v2_1__mlp__layer_12,IntPhys2,intphys2,main,V-JEPA 2.1,ViT-Gigantic/16,MLP,mlp,12,Layer 0.25,3,"42,101,102",20.915033,4.934532,56.699346,0.283015,26.797385,1.132059,58.169934,0.283015,89.403973,1.752153,88.465784,0.505803,true,,
main_linear_mlp,results/seed_runs/layerwise_seed_summary.csv,intphys2__jepa_v2_1__mlp__layer_24,IntPhys2,intphys2,main,V-JEPA 2.1,ViT-Gigantic/16,MLP,mlp,24,Layer 0.5,3,"42,101,102",19.607843,1.960784,54.084967,2.515491,18.954248,10.799158,53.594771,1.13206,28.697572,3.26681,53.807947,0.165563,true,,
main_linear_mlp,results/seed_runs/layerwise_seed_summary.csv,intphys2__jepa_v2_1__mlp__layer_38,IntPhys2,intphys2,main,V-JEPA 2.1,ViT-Gigantic/16,MLP,mlp,38,Layer 0.75,3,"42,101,102",39.869281,2.995148,58.660131,1.855853,43.79085,1.132059,61.437909,0.56603,100,0,98.841059,0.721672,true,,
main_linear_mlp,results/seed_runs/layerwise_seed_summary.csv,intphys2__jepa_v2_1__mlp__layer_48,IntPhys2,intphys2,main,V-JEPA 2.1,ViT-Gigantic/16,MLP,mlp,48,Final layer,3,"42,101,102",39.869281,4.528237,60.784314,2.450981,26.143791,2.995148,61.928105,1.020424,99.558499,0.764702,98.841059,1.443344,true,,
main_linear_mlp,results/seed_runs/layerwise_seed_summary.csv,intphys2__jepa_v2__linear__layer_10,IntPhys2,intphys2,main,V-JEPA 2,ViT-G/16,Linear,linear,10,Layer 0.25,3,"42,101,102",14.379085,2.995148,51.470588,2.136715,13.071896,9.266305,52.45098,0.849045,26.931567,5.144009,51.15894,0.662252,true,,
main_linear_mlp,results/seed_runs/layerwise_seed_summary.csv,intphys2__jepa_v2__linear__layer_20,IntPhys2,intphys2,main,V-JEPA 2,ViT-G/16,Linear,linear,20,Layer 0.5,3,"42,101,102",23.529412,1.960785,51.307189,1.020424,20.261438,2.995148,52.777778,0.748787,41.721854,3.034818,55.960265,2.034471,true,,
main_linear_mlp,results/seed_runs/layerwise_seed_summary.csv,intphys2__jepa_v2__linear__layer_30,IntPhys2,intphys2,main,V-JEPA 2,ViT-G/16,Linear,linear,30,Layer 0.75,3,"42,101,102",37.908497,2.995148,54.248366,3.613292,30.065359,4.081698,55.718954,0.283015,43.708609,2.387782,57.781457,1.517409,true,,
main_linear_mlp,results/seed_runs/layerwise_seed_summary.csv,intphys2__jepa_v2__linear__layer_40,IntPhys2,intphys2,main,V-JEPA 2,ViT-G/16,Linear,linear,40,Final layer,3,"42,101,102",38.562092,2.264119,58.333333,0.490196,37.908497,1.132059,58.169934,0.56603,60.485651,1.378587,62.803532,2.355032,true,,
main_linear_mlp,results/seed_runs/layerwise_seed_summary.csv,intphys2__jepa_v2__mlp__layer_10,IntPhys2,intphys2,main,V-JEPA 2,ViT-G/16,MLP,mlp,10,Layer 0.25,3,"42,101,102",15.686275,5.187747,51.633987,1.020424,15.03268,6.30304,53.594771,0.748787,53.421634,23.342218,65.011037,12.010255,true,,
main_linear_mlp,results/seed_runs/layerwise_seed_summary.csv,intphys2__jepa_v2__mlp__layer_20,IntPhys2,intphys2,main,V-JEPA 2,ViT-G/16,MLP,mlp,20,Layer 0.5,3,"42,101,102",23.529412,1.960785,54.738562,0.748787,22.222222,2.264119,56.862745,0.490196,81.236203,9.396819,83.88521,5.788391,true,,
main_linear_mlp,results/seed_runs/layerwise_seed_summary.csv,intphys2__jepa_v2__mlp__layer_30,IntPhys2,intphys2,main,V-JEPA 2,ViT-G/16,MLP,mlp,30,Layer 0.75,3,"42,101,102",54.248366,2.995148,64.215686,1.296937,36.601307,1.132059,62.908497,1.020424,93.818985,4.046424,85.375276,2.840421,true,,
main_linear_mlp,results/seed_runs/layerwise_seed_summary.csv,intphys2__jepa_v2__mlp__layer_40,IntPhys2,intphys2,main,V-JEPA 2,ViT-G/16,MLP,mlp,40,Final layer,3,"42,101,102",51.633987,4.081698,60.457516,1.020425,36.601307,4.934533,64.542483,0.56603,100,0,99.172185,1.433817,true,,
main_linear_mlp,results/seed_runs/layerwise_seed_summary.csv,intphys2__videomae__linear__layer_16,IntPhys2,intphys2,main,VideoMAE,ViT-H/16,Linear,linear,16,Layer 0.5,3,"42,101,102",30.06536,4.934533,56.699346,1.497574,36.601307,4.934533,58.823529,1.767427,51.214128,0.382351,63.189846,4.541175,true,,
main_linear_mlp,results/seed_runs/layerwise_seed_summary.csv,intphys2__videomae__linear__layer_24,IntPhys2,intphys2,main,VideoMAE,ViT-H/16,Linear,linear,24,Layer 0.75,3,"42,101,102",31.372549,3.396178,57.189542,1.020424,37.254902,1.960784,61.111111,1.233633,55.187638,1.66663,66.721854,0.662252,true,,
main_linear_mlp,results/seed_runs/layerwise_seed_summary.csv,intphys2__videomae__linear__layer_32,IntPhys2,intphys2,main,VideoMAE,ViT-H/16,Linear,linear,32,Final layer,3,"42,101,102",28.75817,4.528237,53.104575,1.721512,28.104575,4.081698,57.352941,0,67.108168,10.180885,70.971303,7.121772,true,,
main_linear_mlp,results/seed_runs/layerwise_seed_summary.csv,intphys2__videomae__linear__layer_8,IntPhys2,intphys2,main,VideoMAE,ViT-H/16,Linear,linear,8,Layer 0.25,3,"42,101,102",16.339869,4.528237,50.163399,0.283015,13.071896,5.660296,52.287581,0.748787,16.997792,5.058031,50.055188,2.479762,true,,
main_linear_mlp,results/seed_runs/layerwise_seed_summary.csv,intphys2__videomae__mlp__layer_16,IntPhys2,intphys2,main,VideoMAE,ViT-H/16,MLP,mlp,16,Layer 0.5,3,"42,101,102",31.372549,3.396178,52.124183,1.721512,36.601307,2.264118,53.431373,0.490197,43.487859,1.66663,52.483444,1.314115,true,,
main_linear_mlp,results/seed_runs/layerwise_seed_summary.csv,intphys2__videomae__mlp__layer_24,IntPhys2,intphys2,main,VideoMAE,ViT-H/16,MLP,mlp,24,Layer 0.75,3,"42,101,102",35.294118,5.882353,59.803922,0.980393,39.869281,1.13206,63.888889,1.020424,97.792494,3.823512,93.487858,6.867037,true,,
main_linear_mlp,results/seed_runs/layerwise_seed_summary.csv,intphys2__videomae__mlp__layer_32,IntPhys2,intphys2,main,VideoMAE,ViT-H/16,MLP,mlp,32,Final layer,3,"42,101,102",31.372549,1.960784,55.718954,1.981104,27.45098,1.960785,58.333333,0,78.807947,4.99989,82.064017,7.190719,true,,
main_linear_mlp,results/seed_runs/layerwise_seed_summary.csv,intphys2__videomae__mlp__layer_8,IntPhys2,intphys2,main,VideoMAE,ViT-H/16,MLP,mlp,8,Layer 0.25,3,"42,101,102",15.03268,2.264119,50.490196,0.490196,11.111111,4.934533,51.633987,0.283015,19.426049,2.023212,50.055188,0.191176,true,,
main_linear_mlp,results/seed_runs/layerwise_seed_summary.csv,intphys2__videomae_v2__linear__layer_10,IntPhys2,intphys2,main,VideoMAE-v2,ViT-G/16,Linear,linear,10,Layer 0.25,3,"42,101,102",30.718954,4.528237,52.124183,1.497574,20.261438,4.528237,52.614379,0.56603,41.501104,8.437755,55.022075,3.950448,true,,
main_linear_mlp,results/seed_runs/layerwise_seed_summary.csv,intphys2__videomae_v2__linear__layer_20,IntPhys2,intphys2,main,VideoMAE-v2,ViT-G/16,Linear,linear,20,Layer 0.5,3,"42,101,102",37.254902,0,59.803922,0.490197,46.405229,1.13206,63.888889,0.283015,96.247241,0.382351,91.11479,4.356329,true,,
main_linear_mlp,results/seed_runs/layerwise_seed_summary.csv,intphys2__videomae_v2__linear__layer_30,IntPhys2,intphys2,main,VideoMAE-v2,ViT-G/16,Linear,linear,30,Layer 0.75,3,"42,101,102",42.48366,1.132059,59.640523,1.020425,38.562091,1.132059,62.581699,1.020424,60.485651,1.011606,76.434878,0.344647,true,,
main_linear_mlp,results/seed_runs/layerwise_seed_summary.csv,intphys2__videomae_v2__linear__layer_40,IntPhys2,intphys2,main,VideoMAE-v2,ViT-G/16,Linear,linear,40,Final layer,3,"42,101,102",50.980392,3.921569,57.679738,0.748787,28.104575,1.13206,59.150326,0.283015,71.523179,8.455063,78.697572,4.308879,true,,
main_linear_mlp,results/seed_runs/layerwise_seed_summary.csv,intphys2__videomae_v2__mlp__layer_10,IntPhys2,intphys2,main,VideoMAE-v2,ViT-G/16,MLP,mlp,10,Layer 0.25,3,"42,101,102",33.333333,1.960785,58.169935,2.41808,30.06536,1.132059,57.843137,0.490196,92.05298,1.324503,93.818984,1.699206,true,,
main_linear_mlp,results/seed_runs/layerwise_seed_summary.csv,intphys2__videomae_v2__mlp__layer_20,IntPhys2,intphys2,main,VideoMAE-v2,ViT-G/16,MLP,mlp,20,Layer 0.5,3,"42,101,102",47.712418,2.995147,58.169935,1.721512,41.176471,0,65.686275,0.849045,62.030905,1.011606,76.048565,0.911849,true,,
main_linear_mlp,results/seed_runs/layerwise_seed_summary.csv,intphys2__videomae_v2__mlp__layer_30,IntPhys2,intphys2,main,VideoMAE-v2,ViT-G/16,MLP,mlp,30,Layer 0.75,3,"42,101,102",46.405229,1.13206,62.254902,0.490196,42.48366,1.132059,66.503268,0.748787,63.576159,8.056639,76.87638,5.833206,true,,
main_linear_mlp,results/seed_runs/layerwise_seed_summary.csv,intphys2__videomae_v2__mlp__layer_40,IntPhys2,intphys2,main,VideoMAE-v2,ViT-G/16,MLP,mlp,40,Final layer,3,"42,101,102",39.215686,5.187747,51.633987,1.020424,33.333333,1.960785,51.960784,0.490196,38.410596,0.662252,51.545254,0.581438,true,,
main_linear_mlp,results/seed_runs/layerwise_seed_summary.csv,mvp__jepa_v1__linear__layer_16,MVP,mvp,main,V-JEPA,ViT-H/16,Linear,linear,16,Layer 0.5,3,"42,101,102",39.973037,2.238976,65.942029,0.480505,38.355241,2.924108,65.200539,0.812576,44.047218,3.244267,68.802698,1.054873,true,,
main_linear_mlp,results/seed_runs/layerwise_seed_summary.csv,mvp__jepa_v1__linear__layer_24,MVP,mvp,main,V-JEPA,ViT-H/16,Linear,linear,24,Layer 0.75,3,"42,101,102",47.52275,0.364565,69.261881,0.353893,48.500168,1.052409,69.312437,0.303337,53.164699,1.017596,73.237774,0.538838,true,,
main_linear_mlp,results/seed_runs/layerwise_seed_summary.csv,mvp__jepa_v1__linear__layer_32,MVP,mvp,main,V-JEPA,ViT-H/16,Linear,linear,32,Final layer,3,"42,101,102",45.500506,4.755501,70.475227,1.290915,45.635322,4.086402,70.340411,1.184927,48.836425,5.463223,72.411467,1.943832,true,,
main_linear_mlp,results/seed_runs/layerwise_seed_summary.csv,mvp__jepa_v1__linear__layer_8,MVP,mvp,main,V-JEPA,ViT-H/16,Linear,linear,8,Layer 0.25,3,"42,101,102",36.737445,0.116754,64.088305,0.12723,35.085945,0.99584,63.380519,0.304738,39.876335,0.224564,66.419337,0.30603,true,,
main_linear_mlp,results/seed_runs/layerwise_seed_summary.csv,mvp__jepa_v1__mlp__layer_16,MVP,mvp,main,V-JEPA,ViT-H/16,MLP,mlp,16,Layer 0.5,3,"42,101,102",71.351534,1.272301,83.923154,0.267518,72.531176,0.556883,85.136501,0.182283,98.752108,0.441035,99.376054,0.220518,true,,
main_linear_mlp,results/seed_runs/layerwise_seed_summary.csv,mvp__jepa_v1__mlp__layer_24,MVP,mvp,main,V-JEPA,ViT-H/16,MLP,mlp,24,Layer 0.75,3,"42,101,102",86.821706,0.058378,92.922144,0.133759,90.630266,0.154452,94.944388,0.050556,100,0,100,0,true,,
main_linear_mlp,results/seed_runs/layerwise_seed_summary.csv,mvp__jepa_v1__mlp__layer_32,MVP,mvp,main,V-JEPA,ViT-H/16,MLP,mlp,32,Final layer,3,"42,101,102",87.731715,0.99755,93.410853,0.585957,90.933603,0.291886,95.180317,0.077226,99.865093,0.058416,99.932546,0.029208,true,,
main_linear_mlp,results/seed_runs/layerwise_seed_summary.csv,mvp__jepa_v1__mlp__layer_8,MVP,mvp,main,V-JEPA,ViT-H/16,MLP,mlp,8,Layer 0.25,3,"42,101,102",58.914729,0.765609,76.828446,0.563725,60.936973,0.982056,78.193461,0.379452,91.354693,0.837983,95.649241,0.394402,true,,
main_linear_mlp,results/seed_runs/layerwise_seed_summary.csv,mvp__jepa_v2_1__linear__layer_12,MVP,mvp,main,V-JEPA 2.1,ViT-Gigantic/16,Linear,linear,12,Layer 0.25,3,"42,101,102",31.951466,1.605107,61.391978,0.640156,33.771487,1.973632,63.06033,0.581579,37.223159,2.536098,65.536818,0.990405,true,,
main_linear_mlp,results/seed_runs/layerwise_seed_summary.csv,mvp__jepa_v2_1__linear__layer_24,MVP,mvp,main,V-JEPA 2.1,ViT-Gigantic/16,Linear,linear,24,Layer 0.5,3,"42,101,102",39.400067,0.592463,65.065723,0.401277,41.287496,0.210482,66.27907,0.133759,46.936481,1.196391,70.59584,0.48768,true,,
main_linear_mlp,results/seed_runs/layerwise_seed_summary.csv,mvp__jepa_v2_1__linear__layer_38,MVP,mvp,main,V-JEPA 2.1,ViT-Gigantic/16,Linear,linear,38,Layer 0.75,3,"42,101,102",43.208628,1.300122,67.087968,0.583041,44.118638,0.233509,67.475565,0.485795,50.140528,0.51075,72.152895,0.185752,true,,
main_linear_mlp,results/seed_runs/layerwise_seed_summary.csv,mvp__jepa_v2_1__linear__layer_48,MVP,mvp,main,V-JEPA 2.1,ViT-Gigantic/16,Linear,linear,48,Final layer,3,"42,101,102",39.973037,1.567511,66.262218,0.379452,42.669363,2.029814,66.717223,0.45594,47.116357,2.174268,70.685779,0.783982,true,,
main_linear_mlp,results/seed_runs/layerwise_seed_summary.csv,mvp__jepa_v2_1__mlp__layer_12,MVP,mvp,main,V-JEPA 2.1,ViT-Gigantic/16,MLP,mlp,12,Layer 0.25,3,"42,101,102",53.859117,1.167544,73.255814,0.331519,56.555443,0.74531,74.637681,0.154451,93.558179,1.234143,96.722878,0.642213,true,,
main_linear_mlp,results/seed_runs/layerwise_seed_summary.csv,mvp__jepa_v2_1__mlp__layer_24,MVP,mvp,main,V-JEPA 2.1,ViT-Gigantic/16,MLP,mlp,24,Layer 0.5,3,"42,101,102",62.285137,0.76338,78.496798,0.259434,64.54331,0.420964,80.013482,0.25446,98.02136,0.478556,99.01068,0.239278,true,,
main_linear_mlp,results/seed_runs/layerwise_seed_summary.csv,mvp__jepa_v2_1__mlp__layer_38,MVP,mvp,main,V-JEPA 2.1,ViT-Gigantic/16,MLP,mlp,38,Layer 0.75,3,"42,101,102",71.924503,1.280312,83.670374,0.663037,74.21638,0.525395,85.102797,0.249387,98.639685,0.764888,99.314221,0.37607,true,,
main_linear_mlp,results/seed_runs/layerwise_seed_summary.csv,mvp__jepa_v2_1__mlp__layer_48,MVP,mvp,main,V-JEPA 2.1,ViT-Gigantic/16,MLP,mlp,48,Final layer,3,"42,101,102",67.441861,0.926709,81.209976,0.386129,71.65487,0.382804,83.704078,0.145943,98.381113,0.243207,99.190557,0.121604,true,,
main_linear_mlp,results/seed_runs/layerwise_seed_summary.csv,mvp__jepa_v2__linear__layer_10,MVP,mvp,main,V-JEPA 2,ViT-G/16,Linear,linear,10,Layer 0.25,3,"42,101,102",31.07516,1.206305,60.936973,0.864397,30.097742,0.688257,60.212336,0.281484,34.367622,0.236088,63.428893,0.213529,true,,
main_linear_mlp,results/seed_runs/layerwise_seed_summary.csv,mvp__jepa_v2__linear__layer_20,MVP,mvp,main,V-JEPA 2,ViT-G/16,Linear,linear,20,Layer 0.5,3,"42,101,102",32.55814,1.166084,61.964948,0.652023,34.041119,0.308903,62.504213,0.344129,39.527825,0.34229,66.593592,0.288162,true,,
main_linear_mlp,results/seed_runs/layerwise_seed_summary.csv,mvp__jepa_v2__linear__layer_30,MVP,mvp,main,V-JEPA 2,ViT-G/16,Linear,linear,30,Layer 0.75,3,"42,101,102",38.456353,3.02887,64.897203,0.867348,38.490057,1.903311,64.897203,0.177547,42.855537,4.576709,67.982012,1.472276,true,,
main_linear_mlp,results/seed_runs/layerwise_seed_summary.csv,mvp__jepa_v2__linear__layer_40,MVP,mvp,main,V-JEPA 2,ViT-G/16,Linear,linear,40,Final layer,3,"42,101,102",47.893495,0.574949,69.228176,0.640156,48.904618,0.758903,70.222447,0.182282,52.512648,1.060117,72.782462,0.483777,true,,
main_linear_mlp,results/seed_runs/layerwise_seed_summary.csv,mvp__jepa_v2__mlp__layer_10,MVP,mvp,main,V-JEPA 2,ViT-G/16,MLP,mlp,10,Layer 0.25,3,"42,101,102",51.56724,0.631446,72.042467,0.401277,53.656892,0.508921,73.592855,0.429974,91.14109,2.664276,95.480607,1.336046,true,,
main_linear_mlp,results/seed_runs/layerwise_seed_summary.csv,mvp__jepa_v2__mlp__layer_20,MVP,mvp,main,V-JEPA 2,ViT-G/16,MLP,mlp,20,Layer 0.5,3,"42,101,102",58.881025,1.113766,76.541962,0.431952,63.127738,0.717351,79.238288,0.249387,94.569983,1.962831,97.268128,0.996654,true,,
main_linear_mlp,results/seed_runs/layerwise_seed_summary.csv,mvp__jepa_v2__mlp__layer_30,MVP,mvp,main,V-JEPA 2,ViT-G/16,MLP,mlp,30,Layer 0.75,3,"42,101,102",73.542299,0.758903,84.816313,0.365732,76.440849,0.364566,86.872262,0.25446,99.426644,0.178466,99.713322,0.089233,true,,
main_linear_mlp,results/seed_runs/layerwise_seed_summary.csv,mvp__jepa_v2__mlp__layer_40,MVP,mvp,main,V-JEPA 2,ViT-G/16,MLP,mlp,40,Final layer,3,"42,101,102",86.316144,0.382804,92.467138,0.267518,87.698012,0.116755,93.259185,0.116755,99.820123,0.103037,99.910062,0.051518,true,,
main_linear_mlp,results/seed_runs/layerwise_seed_summary.csv,mvp__videomae__linear__layer_16,MVP,mvp,main,VideoMAE,ViT-H/16,Linear,linear,16,Layer 0.5,3,"42,101,102",35.827435,0.650061,63.751264,0.307521,34.782609,0.926709,63.127738,0.105241,39.516582,0.637547,66.700393,0.236889,true,,
main_linear_mlp,results/seed_runs/layerwise_seed_summary.csv,mvp__videomae__linear__layer_24,MVP,mvp,main,VideoMAE,ViT-H/16,Linear,linear,24,Layer 0.75,3,"42,101,102",34.715201,2.885392,63.751264,0.440738,34.647792,2.840756,64.374789,0.420964,39.078134,3.716433,67.223159,0.823088,true,,
main_linear_mlp,results/seed_runs/layerwise_seed_summary.csv,mvp__videomae__linear__layer_32,MVP,mvp,main,VideoMAE,ViT-H/16,Linear,linear,32,Final layer,3,"42,101,102",33.535558,2.293116,62.841254,0.919788,34.883721,1.139477,63.683855,0.469746,38.673412,2.153328,66.379989,0.950554,true,,
main_linear_mlp,results/seed_runs/layerwise_seed_summary.csv,mvp__videomae__linear__layer_8,MVP,mvp,main,VideoMAE,ViT-H/16,Linear,linear,8,Layer 0.25,3,"42,101,102",30.872936,0.883407,60.785305,0.927168,31.917762,0.556883,62.184024,0.151669,36.121416,0.658321,64.828556,0.438557,true,,
main_linear_mlp,results/seed_runs/layerwise_seed_summary.csv,mvp__videomae__mlp__layer_16,MVP,mvp,main,VideoMAE,ViT-H/16,MLP,mlp,16,Layer 0.5,3,"42,101,102",58.341759,1.627248,76.69363,0.827639,59.892147,0.50892,78.024941,0.453129,87.655987,1.733243,93.805509,0.840863,true,,
main_linear_mlp,results/seed_runs/layerwise_seed_summary.csv,mvp__videomae__mlp__layer_24,MVP,mvp,main,VideoMAE,ViT-H/16,MLP,mlp,24,Layer 0.75,3,"42,101,102",64.745534,0.673239,80.24941,0.105241,68.857432,0.202225,82.861476,0.133759,93.153457,0.32525,96.548623,0.172249,true,,
main_linear_mlp,results/seed_runs/layerwise_seed_summary.csv,mvp__videomae__mlp__layer_32,MVP,mvp,main,VideoMAE,ViT-H/16,MLP,mlp,32,Final layer,3,"42,101,102",62.959218,0.40864,79.979778,0,66.161106,0.85995,81.580721,0.50892,98.122541,0.318773,99.06127,0.159387,true,,
main_linear_mlp,results/seed_runs/layerwise_seed_summary.csv,mvp__videomae__mlp__layer_8,MVP,mvp,main,VideoMAE,ViT-H/16,MLP,mlp,8,Layer 0.25,3,"42,101,102",50.25278,0.440738,71.806539,0.53104,50.690934,0.154452,72.733401,0.25446,84.283305,2.520952,92.07982,1.270513,true,,
main_linear_mlp,results/seed_runs/layerwise_seed_summary.csv,mvp__videomae_v2__linear__layer_10,MVP,mvp,main,VideoMAE-v2,ViT-G/16,Linear,linear,10,Layer 0.25,3,"42,101,102",32.794068,0.710189,62.470509,0.453129,31.614425,0.823512,61.830132,0.281484,35.671726,1.771969,64.794829,0.910676,true,,
main_linear_mlp,results/seed_runs/layerwise_seed_summary.csv,mvp__videomae_v2__linear__layer_20,MVP,mvp,main,VideoMAE-v2,ViT-G/16,Linear,linear,20,Layer 0.5,3,"42,101,102",35.995955,1.530105,63.751264,0.99584,38.388945,1.113765,64.914054,0.087566,41.405284,2.326009,67.689713,0.813124,true,,
main_linear_mlp,results/seed_runs/layerwise_seed_summary.csv,mvp__videomae_v2__linear__layer_30,MVP,mvp,main,VideoMAE-v2,ViT-G/16,Linear,linear,30,Layer 0.75,3,"42,101,102",35.119649,0.823512,62.824402,0.259434,36.838558,0.731464,63.80182,0.431952,39.516582,0.665482,66.166385,0.086536,true,,
main_linear_mlp,results/seed_runs/layerwise_seed_summary.csv,mvp__videomae_v2__linear__layer_40,MVP,mvp,main,VideoMAE-v2,ViT-G/16,Linear,linear,40,Final layer,3,"42,101,102",33.367037,1.290915,62.403101,0.871757,34.647792,0.25446,63.565892,0.105241,37.627881,2.113338,65.817875,1.344533,true,,
main_linear_mlp,results/seed_runs/layerwise_seed_summary.csv,mvp__videomae_v2__mlp__layer_10,MVP,mvp,main,VideoMAE-v2,ViT-G/16,MLP,mlp,10,Layer 0.25,3,"42,101,102",52.612066,0.592464,72.851365,0.394856,53.319852,0.058377,74.014156,0.262697,86.520517,0.652536,93.170321,0.350905,true,,
main_linear_mlp,results/seed_runs/layerwise_seed_summary.csv,mvp__videomae_v2__mlp__layer_20,MVP,mvp,main,VideoMAE-v2,ViT-G/16,MLP,mlp,20,Layer 0.5,3,"42,101,102",66.430738,0.440738,80.721267,0.372655,68.554095,0.101112,82.490731,0.191402,94.266442,0.762405,97.1276,0.375692,true,,
main_linear_mlp,results/seed_runs/layerwise_seed_summary.csv,mvp__videomae_v2__mlp__layer_30,MVP,mvp,main,VideoMAE-v2,ViT-G/16,MLP,mlp,30,Layer 0.75,3,"42,101,102",61.206606,0.233509,78.328278,0.344129,63.936636,0.308903,79.575329,0.087566,90.19674,2.186875,95.019674,1.087831,true,,
main_linear_mlp,results/seed_runs/layerwise_seed_summary.csv,mvp__videomae_v2__mlp__layer_40,MVP,mvp,main,VideoMAE-v2,ViT-G/16,MLP,mlp,40,Final layer,3,"42,101,102",58.779912,1.881702,76.306033,0.910478,61.644759,0.420964,78.109201,0.267518,89.218662,0.710935,94.491287,0.355467,true,,
main_intphys2_attentive,results/seed_runs/layerwise_attentive_intphys2_seed_summary.csv,intphys2__main__v_jepa_2_1__vit_gigantic_16__temporal_attn__layer_12,IntPhys2,intphys2,main,V-JEPA 2.1,ViT-Gigantic/16,Attentive,temporal_attn,12,12,3,"42,101,102",20.261438,4.081698,55.392157,0.849044,19.607843,3.396178,54.738562,0.748787,27.81457,7.521733,56.015453,2.893011,true,,
main_intphys2_attentive,results/seed_runs/layerwise_attentive_intphys2_seed_summary.csv,intphys2__main__v_jepa_2_1__vit_gigantic_16__temporal_attn__layer_24,IntPhys2,intphys2,main,V-JEPA 2.1,ViT-Gigantic/16,Attentive,temporal_attn,24,24,3,"42,101,102",50.980392,1.960784,66.339869,5.030982,52.941177,3.396178,69.444444,1.132059,94.701987,4.775565,93.432671,4.267329,true,,
main_intphys2_attentive,results/seed_runs/layerwise_attentive_intphys2_seed_summary.csv,intphys2__main__v_jepa_2_1__vit_gigantic_16__temporal_attn__layer_38,IntPhys2,intphys2,main,V-JEPA 2.1,ViT-Gigantic/16,Attentive,temporal_attn,38,38,3,"42,101,102",59.477124,7.924415,73.366013,3.613291,59.477124,6.886049,75.653595,2.872287,80.794702,19.205298,86.754967,11.880221,true,,
main_intphys2_attentive,results/seed_runs/layerwise_attentive_intphys2_seed_summary.csv,intphys2__main__v_jepa_2_1__vit_gigantic_16__temporal_attn__layer_48,IntPhys2,intphys2,main,V-JEPA 2.1,ViT-Gigantic/16,Attentive,temporal_attn,48,48,3,"42,101,102",54.901961,5.187748,72.54902,0.980393,56.862745,3.396178,73.856209,1.721512,83.88521,14.162485,85.430464,9.198805,true,,
main_intphys2_attentive,results/seed_runs/layerwise_attentive_intphys2_seed_summary.csv,intphys2__main__v_jepa_2__vit_g_16__temporal_attn__layer_10,IntPhys2,intphys2,main,V-JEPA 2,ViT-G/16,Attentive,temporal_attn,10,10,3,"42,101,102",7.843137,5.882353,50.326797,0.283015,11.764706,1.960784,50.653595,0.283015,13.245033,7.163347,50,0.286764,true,,
main_intphys2_attentive,results/seed_runs/layerwise_attentive_intphys2_seed_summary.csv,intphys2__main__v_jepa_2__vit_g_16__temporal_attn__layer_20,IntPhys2,intphys2,main,V-JEPA 2,ViT-G/16,Attentive,temporal_attn,20,20,3,"42,101,102",12.418301,2.995148,49.673203,0.283015,13.071895,8.841666,51.470588,0.849044,17.218543,2.387783,49.944812,0.095588,true,,
main_intphys2_attentive,results/seed_runs/layerwise_attentive_intphys2_seed_summary.csv,intphys2__main__v_jepa_2__vit_g_16__temporal_attn__layer_30,IntPhys2,intphys2,main,V-JEPA 2,ViT-G/16,Attentive,temporal_attn,30,30,3,"42,101,102",52.941176,3.396178,73.039216,0.980392,61.437908,4.528238,76.960784,2.246361,90.949227,12.847227,90.452539,7.582227,true,,
main_intphys2_attentive,results/seed_runs/layerwise_attentive_intphys2_seed_summary.csv,intphys2__main__v_jepa_2__vit_g_16__temporal_attn__layer_40,IntPhys2,intphys2,main,V-JEPA 2,ViT-G/16,Attentive,temporal_attn,40,40,3,"42,101,102",64.705883,12.245094,78.267974,5.241508,59.477124,4.934532,76.797386,2.69979,93.598234,10.51987,95.695364,6.751639,true,,
main_intphys2_attentive,results/seed_runs/layerwise_attentive_intphys2_seed_summary.csv,intphys2__main__v_jepa__vit_h_16__temporal_attn__layer_16,IntPhys2,intphys2,main,V-JEPA,ViT-H/16,Attentive,temporal_attn,16,16,3,"42,101,102",60.130719,5.660297,77.777778,2.41808,62.745098,5.187748,78.594771,0.56603,94.922737,4.69841,94.370861,2.602025,true,,
main_intphys2_attentive,results/seed_runs/layerwise_attentive_intphys2_seed_summary.csv,intphys2__main__v_jepa__vit_h_16__temporal_attn__layer_24,IntPhys2,intphys2,main,V-JEPA,ViT-H/16,Attentive,temporal_attn,24,24,3,"42,101,102",62.745098,1.960784,75.980392,2.729296,60.130719,4.528237,77.124183,1.57576,89.183223,17.017849,92.108168,8.980676,true,,
main_intphys2_attentive,results/seed_runs/layerwise_attentive_intphys2_seed_summary.csv,intphys2__main__v_jepa__vit_h_16__temporal_attn__layer_32,IntPhys2,intphys2,main,V-JEPA,ViT-H/16,Attentive,temporal_attn,32,32,3,"42,101,102",52.941176,0,71.732026,1.497574,57.51634,2.995148,72.875817,1.020424,70.419426,7.294795,80.353201,3.151499,true,,
main_intphys2_attentive,results/seed_runs/layerwise_attentive_intphys2_seed_summary.csv,intphys2__main__v_jepa__vit_h_16__temporal_attn__layer_8,IntPhys2,intphys2,main,V-JEPA,ViT-H/16,Attentive,temporal_attn,8,8,3,"42,101,102",13.071896,2.995147,48.366013,2.040849,14.379085,4.528237,55.06536,1.57576,16.777042,2.757174,50.662252,0.286763,true,,
main_intphys2_attentive,results/seed_runs/layerwise_attentive_intphys2_seed_summary.csv,intphys2__main__videomae__vit_h_16__temporal_attn__layer_16,IntPhys2,intphys2,main,VideoMAE,ViT-H/16,Attentive,temporal_attn,16,16,3,"42,101,102",55.555556,1.132059,72.385621,4.111028,54.901961,7.069708,75.816993,1.981104,88.962473,17.982703,92.660044,11.29029,true,,
main_intphys2_attentive,results/seed_runs/layerwise_attentive_intphys2_seed_summary.csv,intphys2__main__videomae__vit_h_16__temporal_attn__layer_24,IntPhys2,intphys2,main,VideoMAE,ViT-H/16,Attentive,temporal_attn,24,24,3,"42,101,102",73.202614,4.081698,81.045752,0.283015,73.856209,1.132059,80.555556,0.748787,99.116998,0.382351,98.233996,0.532211,true,,
main_intphys2_attentive,results/seed_runs/layerwise_attentive_intphys2_seed_summary.csv,intphys2__main__videomae__vit_h_16__temporal_attn__layer_32,IntPhys2,intphys2,main,VideoMAE,ViT-H/16,Attentive,temporal_attn,32,32,3,"42,101,102",41.176471,1.960785,60.620915,1.855852,47.058824,1.960785,65.849673,1.415075,100,0,96.412803,4.286556,true,,
main_intphys2_attentive,results/seed_runs/layerwise_attentive_intphys2_seed_summary.csv,intphys2__main__videomae__vit_h_16__temporal_attn__layer_8,IntPhys2,intphys2,main,VideoMAE,ViT-H/16,Attentive,temporal_attn,8,8,3,"42,101,102",15.686274,3.396178,51.143791,0.283015,15.03268,4.528237,51.470588,0.490196,26.048565,11.088184,50.883002,0.416657,true,,
main_intphys2_attentive,results/seed_runs/layerwise_attentive_intphys2_seed_summary.csv,intphys2__main__videomae_v2__vit_g_16__temporal_attn__layer_10,IntPhys2,intphys2,main,VideoMAE-v2,ViT-G/16,Attentive,temporal_attn,10,10,3,"42,101,102",25.490196,7.069708,50.980392,0,15.686275,1.960785,50.816993,0.56603,38.631346,4.69841,51.269316,0.53221,true,,
main_intphys2_attentive,results/seed_runs/layerwise_attentive_intphys2_seed_summary.csv,intphys2__main__videomae_v2__vit_g_16__temporal_attn__layer_20,IntPhys2,intphys2,main,VideoMAE-v2,ViT-G/16,Attentive,temporal_attn,20,20,3,"42,101,102",43.137255,16.98089,58.496732,12.209065,44.444444,12.452653,59.96732,12.169638,62.693157,26.591967,66.445916,22.176986,true,,
main_intphys2_attentive,results/seed_runs/layerwise_attentive_intphys2_seed_summary.csv,intphys2__main__videomae_v2__vit_g_16__temporal_attn__layer_30,IntPhys2,intphys2,main,VideoMAE-v2,ViT-G/16,Attentive,temporal_attn,30,30,3,"42,101,102",30.065359,7.42341,50.490196,0.980392,22.875817,4.081698,52.287581,0.283015,35.98234,14.589591,51.379691,0.344647,true,,
main_intphys2_attentive,results/seed_runs/layerwise_attentive_intphys2_seed_summary.csv,intphys2__main__videomae_v2__vit_g_16__temporal_attn__layer_40,IntPhys2,intphys2,main,VideoMAE-v2,ViT-G/16,Attentive,temporal_attn,40,40,3,"42,101,102",37.254902,3.396178,51.633987,1.415074,24.183006,4.081698,52.45098,0.849044,50.110376,9.015708,52.428256,2.13527,true,,
same_l_linear_mlp,results/seed_runs/layerwise_same_l_linear_mlp_seed_summary.csv,intphys2__same_l__jepa_v1__vitl16_224__linear__layer_12,IntPhys2,intphys2,same_L,V-JEPA,ViT-L/16,Linear,linear,12,12,3,"42,101,102",31.372549,1.960784,51.960784,0.849044,40.522876,2.264119,61.27451,0.490196,49.668874,1.324503,71.081678,1.699206,true,,
same_l_linear_mlp,results/seed_runs/layerwise_same_l_linear_mlp_seed_summary.csv,intphys2__same_l__jepa_v1__vitl16_224__linear__layer_18,IntPhys2,intphys2,same_L,V-JEPA,ViT-L/16,Linear,linear,18,18,3,"42,101,102",35.294118,1.960785,54.411765,0.849044,35.294118,5.187748,54.738562,0.748787,42.163355,2.128841,54.525386,1.338229,true,,
same_l_linear_mlp,results/seed_runs/layerwise_same_l_linear_mlp_seed_summary.csv,intphys2__same_l__jepa_v1__vitl16_224__linear__layer_24,IntPhys2,intphys2,same_L,V-JEPA,ViT-L/16,Linear,linear,24,24,3,"42,101,102",48.366013,5.990295,56.372549,3.431373,33.333333,5.882353,57.026144,0.748787,46.578367,2.128841,57.174393,1.989053,true,,
same_l_linear_mlp,results/seed_runs/layerwise_same_l_linear_mlp_seed_summary.csv,intphys2__same_l__jepa_v1__vitl16_224__linear__layer_6,IntPhys2,intphys2,same_L,V-JEPA,ViT-L/16,Linear,linear,6,6,3,"42,101,102",26.143791,1.132059,54.411765,1.296937,25.490196,1.960784,56.862745,0,44.591612,1.378587,62.85872,3.754788,true,,
same_l_linear_mlp,results/seed_runs/layerwise_same_l_linear_mlp_seed_summary.csv,intphys2__same_l__jepa_v1__vitl16_224__mlp__layer_12,IntPhys2,intphys2,same_L,V-JEPA,ViT-L/16,MLP,mlp,12,12,3,"42,101,102",33.333333,1.960785,58.66013,0.56603,43.79085,4.934533,63.72549,0,90.286976,16.823452,92.99117,11.996554,true,,
same_l_linear_mlp,results/seed_runs/layerwise_same_l_linear_mlp_seed_summary.csv,intphys2__same_l__jepa_v1__vitl16_224__mlp__layer_18,IntPhys2,intphys2,same_L,V-JEPA,ViT-L/16,MLP,mlp,18,18,3,"42,101,102",50.326797,2.995147,64.379085,0.283015,50.326797,1.132059,66.503268,0.748787,87.637969,7.294795,89.072847,3.197551,true,,
same_l_linear_mlp,results/seed_runs/layerwise_same_l_linear_mlp_seed_summary.csv,intphys2__same_l__jepa_v1__vitl16_224__mlp__layer_24,IntPhys2,intphys2,same_L,V-JEPA,ViT-L/16,MLP,mlp,24,24,3,"42,101,102",44.444444,4.934533,53.431373,2.136715,37.254902,5.187748,55.718954,1.57576,51.214128,2.325751,57.450331,0.876077,true,,
same_l_linear_mlp,results/seed_runs/layerwise_same_l_linear_mlp_seed_summary.csv,intphys2__same_l__jepa_v1__vitl16_224__mlp__layer_6,IntPhys2,intphys2,same_L,V-JEPA,ViT-L/16,MLP,mlp,6,6,3,"42,101,102",26.797386,4.081698,52.941176,0.490197,16.993464,7.42341,54.084967,1.020425,30.905077,5.058031,53.03532,0.344646,true,,
same_l_linear_mlp,results/seed_runs/layerwise_same_l_linear_mlp_seed_summary.csv,intphys2__same_l__jepa_v2_1__vitl_384__linear__layer_12,IntPhys2,intphys2,same_L,V-JEPA 2.1,ViT-L/16,Linear,linear,12,12,3,"42,101,102",25.490196,0,51.633987,2.210417,35.947713,1.132059,54.901961,0.490196,45.033113,0.662252,55.573951,1.831199,true,,
same_l_linear_mlp,results/seed_runs/layerwise_same_l_linear_mlp_seed_summary.csv,intphys2__same_l__jepa_v2_1__vitl_384__linear__layer_18,IntPhys2,intphys2,same_L,V-JEPA 2.1,ViT-L/16,Linear,linear,18,18,3,"42,101,102",44.444444,1.132059,61.27451,0.490196,35.294118,0,59.150326,0.283015,55.408388,1.66663,72.019867,1.471556,true,,
same_l_linear_mlp,results/seed_runs/layerwise_same_l_linear_mlp_seed_summary.csv,intphys2__same_l__jepa_v2_1__vitl_384__linear__layer_24,IntPhys2,intphys2,same_L,V-JEPA 2.1,ViT-L/16,Linear,linear,24,24,3,"42,101,102",26.797385,1.132059,56.045752,1.855852,30.718954,2.995148,57.026144,0.748787,59.8234,9.184391,67.99117,11.187856,true,,
same_l_linear_mlp,results/seed_runs/layerwise_same_l_linear_mlp_seed_summary.csv,intphys2__same_l__jepa_v2_1__vitl_384__linear__layer_6,IntPhys2,intphys2,same_L,V-JEPA 2.1,ViT-L/16,Linear,linear,6,6,3,"42,101,102",22.875817,4.934532,50.490196,1.296937,18.954249,7.924415,52.45098,1.296937,29.580574,5.514347,52.09713,0.532211,true,,
same_l_linear_mlp,results/seed_runs/layerwise_same_l_linear_mlp_seed_summary.csv,intphys2__same_l__jepa_v2_1__vitl_384__mlp__layer_12,IntPhys2,intphys2,same_L,V-JEPA 2.1,ViT-L/16,MLP,mlp,12,12,3,"42,101,102",38.562092,2.995147,59.640523,1.981104,45.751634,2.264119,62.745098,1.296937,98.233995,1.011606,87.417219,5.259066,true,,
same_l_linear_mlp,results/seed_runs/layerwise_same_l_linear_mlp_seed_summary.csv,intphys2__same_l__jepa_v2_1__vitl_384__mlp__layer_18,IntPhys2,intphys2,same_L,V-JEPA 2.1,ViT-L/16,MLP,mlp,18,18,3,"42,101,102",51.633987,2.995148,58.333333,0.490196,36.601307,2.995148,65.03268,0.748787,98.675497,0.662252,90.1766,4.559248,true,,
same_l_linear_mlp,results/seed_runs/layerwise_same_l_linear_mlp_seed_summary.csv,intphys2__same_l__jepa_v2_1__vitl_384__mlp__layer_24,IntPhys2,intphys2,same_L,V-JEPA 2.1,ViT-L/16,MLP,mlp,24,24,3,"42,101,102",32.679738,1.132059,58.66013,0.283015,35.294118,5.187747,59.96732,0.748787,100,0,97.958058,0.955878,true,,
same_l_linear_mlp,results/seed_runs/layerwise_same_l_linear_mlp_seed_summary.csv,intphys2__same_l__jepa_v2_1__vitl_384__mlp__layer_6,IntPhys2,intphys2,same_L,V-JEPA 2.1,ViT-L/16,MLP,mlp,6,6,3,"42,101,102",13.72549,3.921569,50.163399,0.283015,16.339869,4.081698,51.307189,0.748787,23.178808,6.069637,50.386314,0.252902,true,,
same_l_linear_mlp,results/seed_runs/layerwise_same_l_linear_mlp_seed_summary.csv,intphys2__same_l__jepa_v2__vitl_256__linear__layer_12,IntPhys2,intphys2,same_L,V-JEPA 2,ViT-L/16,Linear,linear,12,12,3,"42,101,102",35.947713,1.132059,54.738562,1.020424,32.026144,4.081698,58.823529,0.490196,77.704194,7.732574,80.684327,2.981665,true,,
same_l_linear_mlp,results/seed_runs/layerwise_same_l_linear_mlp_seed_summary.csv,intphys2__same_l__jepa_v2__vitl_256__linear__layer_18,IntPhys2,intphys2,same_L,V-JEPA 2,ViT-L/16,Linear,linear,18,18,3,"42,101,102",50.326797,1.132059,63.071895,1.020424,42.48366,2.264118,66.176471,0,83.443709,1.986755,78.807947,5.100305,true,,
same_l_linear_mlp,results/seed_runs/layerwise_same_l_linear_mlp_seed_summary.csv,intphys2__same_l__jepa_v2__vitl_256__linear__layer_24,IntPhys2,intphys2,same_L,V-JEPA 2,ViT-L/16,Linear,linear,24,24,3,"42,101,102",33.986928,2.264119,55.718954,1.855852,28.104575,1.13206,57.679738,0.56603,61.810155,3.129679,68.92936,6.476734,true,,
same_l_linear_mlp,results/seed_runs/layerwise_same_l_linear_mlp_seed_summary.csv,intphys2__same_l__jepa_v2__vitl_256__linear__layer_6,IntPhys2,intphys2,same_L,V-JEPA 2,ViT-L/16,Linear,linear,6,6,3,"42,101,102",21.568627,8.54686,51.470588,0.980392,15.03268,4.081698,51.633987,0.748787,31.78808,6.069637,51.710817,1.388493,true,,
same_l_linear_mlp,results/seed_runs/layerwise_same_l_linear_mlp_seed_summary.csv,intphys2__same_l__jepa_v2__vitl_256__mlp__layer_12,IntPhys2,intphys2,same_L,V-JEPA 2,ViT-L/16,MLP,mlp,12,12,3,"42,101,102",30.065359,2.995147,56.045752,1.855852,32.679738,1.132059,61.27451,0.849044,99.558499,0.382351,98.399558,1.162876,true,,
same_l_linear_mlp,results/seed_runs/layerwise_same_l_linear_mlp_seed_summary.csv,intphys2__same_l__jepa_v2__vitl_256__mlp__layer_18,IntPhys2,intphys2,same_L,V-JEPA 2,ViT-L/16,MLP,mlp,18,18,3,"42,101,102",52.287582,2.995147,64.869281,0.283015,43.79085,1.132059,68.137255,0.490196,98.013245,2.294107,98.068433,1.42743,true,,
same_l_linear_mlp,results/seed_runs/layerwise_same_l_linear_mlp_seed_summary.csv,intphys2__same_l__jepa_v2__vitl_256__mlp__layer_24,IntPhys2,intphys2,same_L,V-JEPA 2,ViT-L/16,MLP,mlp,24,24,3,"42,101,102",35.947713,1.132059,59.313725,1.296937,31.372549,3.396178,61.601307,0.283015,93.156733,6.95627,92.604857,4.850551,true,,
same_l_linear_mlp,results/seed_runs/layerwise_same_l_linear_mlp_seed_summary.csv,intphys2__same_l__jepa_v2__vitl_256__mlp__layer_6,IntPhys2,intphys2,same_L,V-JEPA 2,ViT-L/16,MLP,mlp,6,6,3,"42,101,102",21.568627,1.960785,51.633987,1.132059,15.686275,3.921569,51.633987,0.283015,26.931567,5.514347,50.993377,0.86029,true,,
same_l_linear_mlp,results/seed_runs/layerwise_same_l_linear_mlp_seed_summary.csv,intphys2__same_l__videomae__vit_large_16_224__linear__layer_12,IntPhys2,intphys2,same_L,VideoMAE,ViT-L/16,Linear,linear,12,12,3,"42,101,102",16.993464,1.132059,50.816993,1.855852,18.300653,4.081698,52.941176,0.490197,27.373068,11.167011,51.710817,1.573573,true,,
same_l_linear_mlp,results/seed_runs/layerwise_same_l_linear_mlp_seed_summary.csv,intphys2__same_l__videomae__vit_large_16_224__linear__layer_18,IntPhys2,intphys2,same_L,VideoMAE,ViT-L/16,Linear,linear,18,18,3,"42,101,102",35.947712,9.266305,53.75817,1.13206,34.640523,1.13206,58.823529,1.767427,41.280353,5.709721,58.940398,3.956226,true,,
same_l_linear_mlp,results/seed_runs/layerwise_same_l_linear_mlp_seed_summary.csv,intphys2__same_l__videomae__vit_large_16_224__linear__layer_24,IntPhys2,intphys2,same_L,VideoMAE,ViT-L/16,Linear,linear,24,24,3,"42,101,102",36.601307,2.264118,54.411765,1.698089,31.372549,3.921569,59.150327,0.748787,52.09713,2.128841,70.80574,2.732206,true,,
same_l_linear_mlp,results/seed_runs/layerwise_same_l_linear_mlp_seed_summary.csv,intphys2__same_l__videomae__vit_large_16_224__linear__layer_6,IntPhys2,intphys2,same_L,VideoMAE,ViT-L/16,Linear,linear,6,6,3,"42,101,102",15.686275,1.960785,49.509804,0.849044,16.993464,1.132059,51.797385,0.283015,7.505519,2.507244,50.386314,0.191176,true,,
same_l_linear_mlp,results/seed_runs/layerwise_same_l_linear_mlp_seed_summary.csv,intphys2__same_l__videomae__vit_large_16_224__mlp__layer_12,IntPhys2,intphys2,same_L,VideoMAE,ViT-L/16,MLP,mlp,12,12,3,"42,101,102",36.601307,2.264118,59.150327,2.040849,30.718954,2.995148,59.477124,0.748787,93.598234,5.972516,91.83223,5.496921,true,,
same_l_linear_mlp,results/seed_runs/layerwise_same_l_linear_mlp_seed_summary.csv,intphys2__same_l__videomae__vit_large_16_224__mlp__layer_18,IntPhys2,intphys2,same_L,VideoMAE,ViT-L/16,MLP,mlp,18,18,3,"42,101,102",42.48366,2.264118,57.352941,0.849044,41.830065,2.264119,60.947713,0.56603,66.887417,3.687261,79.028698,2.296098,true,,
same_l_linear_mlp,results/seed_runs/layerwise_same_l_linear_mlp_seed_summary.csv,intphys2__same_l__videomae__vit_large_16_224__mlp__layer_24,IntPhys2,intphys2,same_L,VideoMAE,ViT-L/16,MLP,mlp,24,24,3,"42,101,102",40.522876,2.995148,60.947712,1.855853,33.986928,2.264119,64.052287,0.56603,97.130243,2.676458,94.039735,1.579369,true,,
same_l_linear_mlp,results/seed_runs/layerwise_same_l_linear_mlp_seed_summary.csv,intphys2__same_l__videomae__vit_large_16_224__mlp__layer_6,IntPhys2,intphys2,same_L,VideoMAE,ViT-L/16,MLP,mlp,6,6,3,"42,101,102",24.836601,4.081698,54.084968,0.748787,10.457516,2.264119,53.267974,0.283015,45.253863,18.990963,57.836645,5.58105,true,,
same_l_linear_mlp,results/seed_runs/layerwise_same_l_linear_mlp_seed_summary.csv,intphys2__same_l__videomae_v2__vit_large_16_224__linear__layer_12,IntPhys2,intphys2,same_L,VideoMAE-v2,ViT-L/16,Linear,linear,12,12,3,"42,101,102",42.48366,5.990295,51.960784,0.980392,35.947712,2.264119,57.679738,0.748787,49.006622,1.752153,57.836644,2.655896,true,,
same_l_linear_mlp,results/seed_runs/layerwise_same_l_linear_mlp_seed_summary.csv,intphys2__same_l__videomae_v2__vit_large_16_224__linear__layer_18,IntPhys2,intphys2,same_L,VideoMAE-v2,ViT-L/16,Linear,linear,18,18,3,"42,101,102",32.026144,2.995148,56.20915,2.699789,43.137255,5.187748,60.620915,1.020424,58.498896,11.206216,61.092715,6.727235,true,,
same_l_linear_mlp,results/seed_runs/layerwise_same_l_linear_mlp_seed_summary.csv,intphys2__same_l__videomae_v2__vit_large_16_224__linear__layer_24,IntPhys2,intphys2,same_L,VideoMAE-v2,ViT-L/16,Linear,linear,24,24,3,"42,101,102",28.75817,4.934532,55.228758,1.497574,34.640523,2.995148,59.803922,0.849045,67.99117,8.411726,81.953642,6.465439,true,,
same_l_linear_mlp,results/seed_runs/layerwise_same_l_linear_mlp_seed_summary.csv,intphys2__same_l__videomae_v2__vit_large_16_224__linear__layer_6,IntPhys2,intphys2,same_L,VideoMAE-v2,ViT-L/16,Linear,linear,6,6,3,"42,101,102",15.686275,1.960785,49.836601,1.233633,11.111111,2.995148,51.143791,0.283015,13.686534,2.507244,50.772627,0.669114,true,,
same_l_linear_mlp,results/seed_runs/layerwise_same_l_linear_mlp_seed_summary.csv,intphys2__same_l__videomae_v2__vit_large_16_224__mlp__layer_12,IntPhys2,intphys2,same_L,VideoMAE-v2,ViT-L/16,MLP,mlp,12,12,3,"42,101,102",50.326797,2.995147,59.477124,3.546166,38.562092,2.264119,60.457517,0.748787,79.028697,17.425317,86.037528,7.616494,true,,
same_l_linear_mlp,results/seed_runs/layerwise_same_l_linear_mlp_seed_summary.csv,intphys2__same_l__videomae_v2__vit_large_16_224__mlp__layer_18,IntPhys2,intphys2,same_L,VideoMAE-v2,ViT-L/16,MLP,mlp,18,18,3,"42,101,102",35.947713,1.132059,60.620915,0.56603,48.366013,2.264118,62.745098,0.490196,98.454746,1.529404,96.633554,1.051466,true,,
same_l_linear_mlp,results/seed_runs/layerwise_same_l_linear_mlp_seed_summary.csv,intphys2__same_l__videomae_v2__vit_large_16_224__mlp__layer_24,IntPhys2,intphys2,same_L,VideoMAE-v2,ViT-L/16,MLP,mlp,24,24,3,"42,101,102",31.372549,3.396178,56.372549,0.980392,32.679739,4.081698,58.986928,0.748787,73.068432,10.928825,76.379691,4.747741,true,,
same_l_linear_mlp,results/seed_runs/layerwise_same_l_linear_mlp_seed_summary.csv,intphys2__same_l__videomae_v2__vit_large_16_224__mlp__layer_6,IntPhys2,intphys2,same_L,VideoMAE-v2,ViT-L/16,MLP,mlp,6,6,3,"42,101,102",24.183006,4.081698,50.653595,0.748787,9.150327,4.081698,52.287581,0.283015,17.439294,3.058809,50.331126,0.496689,true,,
same_l_linear_mlp,results/seed_runs/layerwise_same_l_linear_mlp_seed_summary.csv,mvp__same_l__jepa_v1__vitl16_224__linear__layer_12,MVP,mvp,same_L,V-JEPA,ViT-L/16,Linear,linear,12,12,3,"42,101,102",42.433434,1.149897,66.53185,0.463354,42.096394,0.382804,66.683519,0.175132,47.858348,1.197658,70.657673,0.315034,true,,
same_l_linear_mlp,results/seed_runs/layerwise_same_l_linear_mlp_seed_summary.csv,mvp__same_l__jepa_v1__vitl16_224__linear__layer_18,MVP,mvp,same_L,V-JEPA,ViT-L/16,Linear,linear,18,18,3,"42,101,102",46.916077,0.364565,69.09336,0.423989,49.578699,0.382805,70.00337,0.029189,59.539067,0.69229,77.172569,0.434649,true,,
same_l_linear_mlp,results/seed_runs/layerwise_same_l_linear_mlp_seed_summary.csv,mvp__same_l__jepa_v1__vitl16_224__linear__layer_24,MVP,mvp,same_L,V-JEPA,ViT-L/16,Linear,linear,24,24,3,"42,101,102",43.14122,2.481545,67.947422,0.661107,45.871251,1.256127,69.396697,0.029189,50.590219,2.259697,72.467679,0.76284,true,,
same_l_linear_mlp,results/seed_runs/layerwise_same_l_linear_mlp_seed_summary.csv,mvp__same_l__jepa_v1__vitl16_224__linear__layer_6,MVP,mvp,same_L,V-JEPA,ViT-L/16,Linear,linear,6,6,3,"42,101,102",40.512302,0.116754,65.234243,0.058377,41.523424,0.609476,66.144253,0.029189,48.903879,0.202361,71.270377,0.268935,true,,
same_l_linear_mlp,results/seed_runs/layerwise_same_l_linear_mlp_seed_summary.csv,mvp__same_l__jepa_v1__vitl16_224__mlp__layer_12,MVP,mvp,same_L,V-JEPA,ViT-L/16,MLP,mlp,12,12,3,"42,101,102",66.970003,1.109166,81.378497,0.526205,70.475228,0.350263,83.788338,0.105241,98.527262,0.843395,99.263631,0.421698,true,,
same_l_linear_mlp,results/seed_runs/layerwise_same_l_linear_mlp_seed_summary.csv,mvp__same_l__jepa_v1__vitl16_224__mlp__layer_18,MVP,mvp,same_L,V-JEPA,ViT-L/16,MLP,mlp,18,18,3,"42,101,102",83.181665,0.477838,90.984159,0.154451,83.923155,0.615042,91.439164,0.379452,99.808881,0.152082,99.904441,0.076041,true,,
same_l_linear_mlp,results/seed_runs/layerwise_same_l_linear_mlp_seed_summary.csv,mvp__same_l__jepa_v1__vitl16_224__mlp__layer_24,MVP,mvp,same_L,V-JEPA,ViT-L/16,MLP,mlp,24,24,3,"42,101,102",77.890125,0.961009,88.001348,0.63212,80.754971,0.45594,89.821368,0.077226,99.584036,0.051518,99.792018,0.02576,true,,
same_l_linear_mlp,results/seed_runs/layerwise_same_l_linear_mlp_seed_summary.csv,mvp__same_l__jepa_v1__vitl16_224__mlp__layer_6,MVP,mvp,same_L,V-JEPA,ViT-L/16,MLP,mlp,6,6,3,"42,101,102",60.566229,0.615041,78.041793,0.238919,62.925514,0.154451,79.558477,0.249387,94.525014,1.383348,97.234401,0.699984,true,,
same_l_linear_mlp,results/seed_runs/layerwise_same_l_linear_mlp_seed_summary.csv,mvp__same_l__jepa_v2_1__vitl_384__linear__layer_12,MVP,mvp,same_L,V-JEPA 2.1,ViT-L/16,Linear,linear,12,12,3,"42,101,102",40.141557,0.707786,65.672396,0.353893,42.06269,0.404449,65.874621,0.151669,50.039348,1.096165,72.197864,0.531755,true,,
same_l_linear_mlp,results/seed_runs/layerwise_same_l_linear_mlp_seed_summary.csv,mvp__same_l__jepa_v2_1__vitl_384__linear__layer_18,MVP,mvp,same_L,V-JEPA 2.1,ViT-L/16,Linear,linear,18,18,3,"42,101,102",43.579373,0.440738,66.53185,0.331518,47.084597,0.498775,68.655207,0,52.703766,0.954733,73.114109,0.652536,true,,
same_l_linear_mlp,results/seed_runs/layerwise_same_l_linear_mlp_seed_summary.csv,mvp__same_l__jepa_v2_1__vitl_384__linear__layer_24,MVP,mvp,same_L,V-JEPA 2.1,ViT-L/16,Linear,linear,24,24,3,"42,101,102",44.556791,0.498775,67.711493,0.233509,46.747557,0.498775,68.907988,0.133759,53.704328,1.098238,73.546936,0.664841,true,,
same_l_linear_mlp,results/seed_runs/layerwise_same_l_linear_mlp_seed_summary.csv,mvp__same_l__jepa_v2_1__vitl_384__linear__layer_6,MVP,mvp,same_L,V-JEPA 2.1,ViT-L/16,Linear,linear,6,6,3,"42,101,102",41.253792,0.926709,66.312774,0.145943,41.894169,0.717351,65.638692,0.077226,48.802698,0.519218,70.921866,0.145391,true,,
same_l_linear_mlp,results/seed_runs/layerwise_same_l_linear_mlp_seed_summary.csv,mvp__same_l__jepa_v2_1__vitl_384__mlp__layer_12,MVP,mvp,same_L,V-JEPA 2.1,ViT-L/16,MLP,mlp,12,12,3,"42,101,102",65.655544,1.037735,80.552747,0.411756,68.250759,0.663037,81.934614,0.249387,93.816751,1.599566,96.897133,0.790424,true,,
same_l_linear_mlp,results/seed_runs/layerwise_same_l_linear_mlp_seed_summary.csv,mvp__same_l__jepa_v2_1__vitl_384__mlp__layer_18,MVP,mvp,same_L,V-JEPA 2.1,ViT-L/16,MLP,mlp,18,18,3,"42,101,102",71.115605,1.136482,83.72093,0.513088,71.958207,0.574948,84.46242,0.365732,94.693648,0.56065,97.313097,0.290781,true,,
same_l_linear_mlp,results/seed_runs/layerwise_same_l_linear_mlp_seed_summary.csv,mvp__same_l__jepa_v2_1__vitl_384__mlp__layer_24,MVP,mvp,same_L,V-JEPA 2.1,ViT-L/16,MLP,mlp,24,24,3,"42,101,102",71.081901,0.202225,83.602966,0.162515,73.272666,0.592464,84.698349,0.20432,97.380551,0.140416,98.690275,0.070208,true,,
same_l_linear_mlp,results/seed_runs/layerwise_same_l_linear_mlp_seed_summary.csv,mvp__same_l__jepa_v2_1__vitl_384__mlp__layer_6,MVP,mvp,same_L,V-JEPA 2.1,ViT-L/16,MLP,mlp,6,6,3,"42,101,102",60.195484,0.609476,77.249747,0.353893,63.80182,0.707786,79.575329,0.267518,94.210231,0.257593,97.088252,0.135258,true,,
same_l_linear_mlp,results/seed_runs/layerwise_same_l_linear_mlp_seed_summary.csv,mvp__same_l__jepa_v2__vitl_256__linear__layer_12,MVP,mvp,same_L,V-JEPA 2,ViT-L/16,Linear,linear,12,12,3,"42,101,102",43.579373,0.440738,67.003707,0.077226,43.478261,0.202225,67.10482,0.029189,54.019112,0.399536,73.479483,0.236288,true,,
same_l_linear_mlp,results/seed_runs/layerwise_same_l_linear_mlp_seed_summary.csv,mvp__same_l__jepa_v2__vitl_256__linear__layer_18,MVP,mvp,same_L,V-JEPA 2,ViT-L/16,Linear,linear,18,18,3,"42,101,102",49.073138,0.210482,69.733738,0.058377,51.56724,0.463354,71.772835,0.308903,58.797077,0.816671,76.143901,0.495203,true,,
same_l_linear_mlp,results/seed_runs/layerwise_same_l_linear_mlp_seed_summary.csv,mvp__same_l__jepa_v2__vitl_256__linear__layer_24,MVP,mvp,same_L,V-JEPA 2,ViT-L/16,Linear,linear,24,24,3,"42,101,102",53.151331,0.911881,72.632288,0.287474,54.971352,0.40864,73.407482,0,60.888139,0.791203,77.42552,0.1969,true,,
same_l_linear_mlp,results/seed_runs/layerwise_same_l_linear_mlp_seed_summary.csv,mvp__same_l__jepa_v2__vitl_256__linear__layer_6,MVP,mvp,same_L,V-JEPA 2,ViT-L/16,Linear,linear,6,6,3,"42,101,102",33.771486,1.337589,61.9818,0.353893,36.164476,1.431134,63.363667,0.238919,42.046093,1.826964,67.644744,0.85661,true,,
same_l_linear_mlp,results/seed_runs/layerwise_same_l_linear_mlp_seed_summary.csv,mvp__same_l__jepa_v2__vitl_256__mlp__layer_12,MVP,mvp,same_L,V-JEPA 2,ViT-L/16,MLP,mlp,12,12,3,"42,101,102",66.666667,1.935271,81.260533,0.954337,69.66633,0.881476,83.164813,0.41382,99.561551,0.202361,99.780776,0.101181,true,,
same_l_linear_mlp,results/seed_runs/layerwise_same_l_linear_mlp_seed_summary.csv,mvp__same_l__jepa_v2__vitl_256__mlp__layer_18,MVP,mvp,same_L,V-JEPA 2,ViT-L/16,MLP,mlp,18,18,3,"42,101,102",84.192787,0.99755,91.3212,0.686398,84.395012,0.556883,91.675093,0.278441,99.707701,0.118445,99.85385,0.059222,true,,
same_l_linear_mlp,results/seed_runs/layerwise_same_l_linear_mlp_seed_summary.csv,mvp__same_l__jepa_v2__vitl_256__mlp__layer_24,MVP,mvp,same_L,V-JEPA 2,ViT-L/16,MLP,mlp,24,24,3,"42,101,102",86.788002,0.673238,92.601955,0.382804,88.84395,1.05241,93.899562,0.652024,99.887577,0.118445,99.943789,0.059222,true,,
same_l_linear_mlp,results/seed_runs/layerwise_same_l_linear_mlp_seed_summary.csv,mvp__same_l__jepa_v2__vitl_256__mlp__layer_6,MVP,mvp,same_L,V-JEPA 2,ViT-L/16,MLP,mlp,6,6,3,"42,101,102",55.712841,1.192096,74.502865,0.54058,58.139535,0.101112,75.918436,0.308903,94.884766,2.175401,97.436762,1.096122,true,,
same_l_linear_mlp,results/seed_runs/layerwise_same_l_linear_mlp_seed_summary.csv,mvp__same_l__videomae__vit_large_16_224__linear__layer_12,MVP,mvp,same_L,VideoMAE,ViT-L/16,Linear,linear,12,12,3,"42,101,102",35.760027,0.731464,63.262555,0.458735,36.838558,0.906258,64.0546,0.267518,45.160202,0.96402,69.853851,0.386879,true,,
same_l_linear_mlp,results/seed_runs/layerwise_same_l_linear_mlp_seed_summary.csv,mvp__same_l__videomae__vit_large_16_224__linear__layer_18,MVP,mvp,same_L,VideoMAE,ViT-L/16,Linear,linear,18,18,3,"42,101,102",39.265251,0.859949,64.914055,0.231677,39.265251,0.498775,65.267948,0.231677,49.005059,0.777913,71.658235,0.17552,true,,
same_l_linear_mlp,results/seed_runs/layerwise_same_l_linear_mlp_seed_summary.csv,mvp__same_l__videomae__vit_large_16_224__linear__layer_24,MVP,mvp,same_L,VideoMAE,ViT-L/16,Linear,linear,24,24,3,"42,101,102",41.186384,0.308903,66.076845,0.050556,41.48972,0.154452,65.891473,0.058377,49.544688,0.321733,71.219786,0.270516,true,,
same_l_linear_mlp,results/seed_runs/layerwise_same_l_linear_mlp_seed_summary.csv,mvp__same_l__videomae__vit_large_16_224__linear__layer_6,MVP,mvp,same_L,VideoMAE,ViT-L/16,Linear,linear,6,6,3,"42,101,102",31.648129,0.535036,61.004381,0.058378,35.085945,0.364566,63.313111,0.116754,39.775154,1.593867,66.852164,0.8724,true,,
same_l_linear_mlp,results/seed_runs/layerwise_same_l_linear_mlp_seed_summary.csv,mvp__same_l__videomae__vit_large_16_224__mlp__layer_12,MVP,mvp,same_L,VideoMAE,ViT-L/16,MLP,mlp,12,12,3,"42,101,102",55.915066,1.055643,74.856758,0.53104,58.51028,0.717351,76.60937,0.20432,88.971332,0.704237,94.395728,0.327138,true,,
same_l_linear_mlp,results/seed_runs/layerwise_same_l_linear_mlp_seed_summary.csv,mvp__same_l__videomae__vit_large_16_224__mlp__layer_18,MVP,mvp,same_L,VideoMAE,ViT-L/16,MLP,mlp,18,18,3,"42,101,102",63.228851,0.609476,79.609033,0.506403,66.026289,0.898705,81.530165,0.392692,92.175379,0.944351,96.053963,0.472175,true,,
same_l_linear_mlp,results/seed_runs/layerwise_same_l_linear_mlp_seed_summary.csv,mvp__same_l__videomae__vit_large_16_224__mlp__layer_24,MVP,mvp,same_L,VideoMAE,ViT-L/16,MLP,mlp,24,24,3,"42,101,102",64.880351,1.521171,80.653859,0.99883,68.217054,0.81728,82.591844,0.485795,92.209106,0.267698,96.076447,0.121993,true,,
same_l_linear_mlp,results/seed_runs/layerwise_same_l_linear_mlp_seed_summary.csv,mvp__same_l__videomae__vit_large_16_224__mlp__layer_6,MVP,mvp,same_L,VideoMAE,ViT-L/16,MLP,mlp,6,6,3,"42,101,102",51.129087,1.171914,72.615437,0.5989,51.90428,0.154452,73.30637,0.281485,82.147274,1.230143,90.978078,0.588047,true,,
same_l_linear_mlp,results/seed_runs/layerwise_same_l_linear_mlp_seed_summary.csv,mvp__same_l__videomae_v2__vit_large_16_224__linear__layer_12,MVP,mvp,same_L,VideoMAE-v2,ViT-L/16,Linear,linear,12,12,3,"42,101,102",38.153017,1.08116,63.936636,0.328938,39.770812,0.308903,65.790361,0.077226,46.621697,1.287964,70.033727,0.413412,true,,
same_l_linear_mlp,results/seed_runs/layerwise_same_l_linear_mlp_seed_summary.csv,mvp__same_l__videomae_v2__vit_large_16_224__linear__layer_18,MVP,mvp,same_L,VideoMAE-v2,ViT-L/16,Linear,linear,18,18,3,"42,101,102",40.040445,0.463354,65.082575,0.355095,43.71419,0.508921,68.09909,0.202224,51.43339,1.238284,72.709387,0.517114,true,,
same_l_linear_mlp,results/seed_runs/layerwise_same_l_linear_mlp_seed_summary.csv,mvp__same_l__videomae_v2__vit_large_16_224__linear__layer_24,MVP,mvp,same_L,VideoMAE-v2,ViT-L/16,Linear,linear,24,24,3,"42,101,102",34.917425,0.688257,63.043478,0.788092,37.10819,0.364565,64.509605,0.267518,45.418774,2.065429,69.938167,0.869134,true,,
same_l_linear_mlp,results/seed_runs/layerwise_same_l_linear_mlp_seed_summary.csv,mvp__same_l__videomae_v2__vit_large_16_224__linear__layer_6,MVP,mvp,same_L,VideoMAE-v2,ViT-L/16,Linear,linear,6,6,3,"42,101,102",32.72666,1.420378,62.335692,0.99584,32.659252,1.921133,62.049208,0.105241,35.514334,2.951241,64.749859,1.335975,true,,
same_l_linear_mlp,results/seed_runs/layerwise_same_l_linear_mlp_seed_summary.csv,mvp__same_l__videomae_v2__vit_large_16_224__mlp__layer_12,MVP,mvp,same_L,VideoMAE-v2,ViT-L/16,MLP,mlp,12,12,3,"42,101,102",64.947759,0.25446,80.215706,0.238919,67.475565,0.817281,81.884058,0.304738,92.254075,1.00296,96.110174,0.50148,true,,
same_l_linear_mlp,results/seed_runs/layerwise_same_l_linear_mlp_seed_summary.csv,mvp__same_l__videomae_v2__vit_large_16_224__mlp__layer_18,MVP,mvp,same_L,VideoMAE-v2,ViT-L/16,MLP,mlp,18,18,3,"42,101,102",68.18335,1.346477,82.119987,0.678909,73.340074,0.650061,84.984833,0.262697,99.302979,0.038945,99.65149,0.019472,true,,
same_l_linear_mlp,results/seed_runs/layerwise_same_l_linear_mlp_seed_summary.csv,mvp__same_l__videomae_v2__vit_large_16_224__mlp__layer_24,MVP,mvp,same_L,VideoMAE-v2,ViT-L/16,MLP,mlp,24,24,3,"42,101,102",57.566565,0.556883,76.188069,0.41382,60.49882,1.480296,78.328278,1.003934,99.662732,0.383063,99.831366,0.191531,true,,
same_l_linear_mlp,results/seed_runs/layerwise_same_l_linear_mlp_seed_summary.csv,mvp__same_l__videomae_v2__vit_large_16_224__mlp__layer_6,MVP,mvp,same_L,VideoMAE-v2,ViT-L/16,MLP,mlp,6,6,3,"42,101,102",48.870914,0.308903,71.536906,0.307521,50.185372,0.911881,72.834513,0.304738,71.163575,1.955283,85.255762,0.978417,true,,
same_l_attentive,results/seed_runs/layerwise_same_l_attentive_seed_summary.csv,intphys2__same_l__v_jepa_2_1__vit_l_16__temporal_attn__layer_12,IntPhys2,intphys2,same_L,V-JEPA 2.1,ViT-L/16,Attentive,temporal_attn,12,12,3,"42,101,102",22.222222,7.42341,50.490196,0,16.339869,6.30304,50.653595,0.56603,26.269316,0.764702,50.883002,1.011606,true,,
same_l_attentive,results/seed_runs/layerwise_same_l_attentive_seed_summary.csv,intphys2__same_l__v_jepa_2_1__vit_l_16__temporal_attn__layer_18,IntPhys2,intphys2,same_L,V-JEPA 2.1,ViT-L/16,Attentive,temporal_attn,18,18,3,"42,101,102",57.51634,4.081698,76.470588,2.246361,58.169934,1.132059,76.797385,1.233633,85.430463,14.61462,89.95585,7.524162,true,,
same_l_attentive,results/seed_runs/layerwise_same_l_attentive_seed_summary.csv,intphys2__same_l__v_jepa_2_1__vit_l_16__temporal_attn__layer_24,IntPhys2,intphys2,same_L,V-JEPA 2.1,ViT-L/16,Attentive,temporal_attn,24,24,3,"42,101,102",64.705882,5.187748,75.816994,2.995147,66.013072,4.934532,80.392157,2.981746,98.675497,1.752153,97.571744,3.2542,true,,
same_l_attentive,results/seed_runs/layerwise_same_l_attentive_seed_summary.csv,intphys2__same_l__v_jepa_2_1__vit_l_16__temporal_attn__layer_6,IntPhys2,intphys2,same_L,V-JEPA 2.1,ViT-L/16,Attentive,temporal_attn,6,6,3,"42,101,102",8.496732,4.934532,50.163399,0.283015,13.72549,7.843137,50.163399,0.283015,16.777042,4.046424,50.441501,0.505803,true,,
same_l_attentive,results/seed_runs/layerwise_same_l_attentive_seed_summary.csv,intphys2__same_l__v_jepa_2__vit_l_16__temporal_attn__layer_12,IntPhys2,intphys2,same_L,V-JEPA 2,ViT-L/16,Attentive,temporal_attn,12,12,3,"42,101,102",53.594771,6.30304,70.588235,1.470589,53.594771,4.934532,72.875817,2.210417,71.302428,12.30672,81.622517,5.641299,true,,
same_l_attentive,results/seed_runs/layerwise_same_l_attentive_seed_summary.csv,intphys2__same_l__v_jepa_2__vit_l_16__temporal_attn__layer_18,IntPhys2,intphys2,same_L,V-JEPA 2,ViT-L/16,Attentive,temporal_attn,18,18,3,"42,101,102",63.398693,6.30304,77.45098,5.117797,63.398693,4.528237,77.124183,3.336696,83.664459,14.285819,88.520971,9.514227,true,,
same_l_attentive,results/seed_runs/layerwise_same_l_attentive_seed_summary.csv,intphys2__same_l__v_jepa_2__vit_l_16__temporal_attn__layer_24,IntPhys2,intphys2,same_L,V-JEPA 2,ViT-L/16,Attentive,temporal_attn,24,24,3,"42,101,102",62.091503,2.995148,72.712418,1.721512,60.130719,9.266305,73.202614,1.855853,85.871965,3.647398,86.644592,3.632336,true,,
same_l_attentive,results/seed_runs/layerwise_same_l_attentive_seed_summary.csv,intphys2__same_l__v_jepa_2__vit_l_16__temporal_attn__layer_6,IntPhys2,intphys2,same_L,V-JEPA 2,ViT-L/16,Attentive,temporal_attn,6,6,3,"42,101,102",16.339869,4.081698,50.163399,2.699789,16.339869,2.995147,52.614379,1.13206,18.984547,0.382351,49.613687,0.849603,true,,
same_l_attentive,results/seed_runs/layerwise_same_l_attentive_seed_summary.csv,intphys2__same_l__v_jepa__vit_l_16__temporal_attn__layer_12,IntPhys2,intphys2,same_L,V-JEPA,ViT-L/16,Attentive,temporal_attn,12,12,3,"42,101,102",64.705882,1.960785,77.124183,0.56603,62.745098,1.960784,75.163399,0.56603,96.688742,1.752154,95.419426,1.162876,true,,
same_l_attentive,results/seed_runs/layerwise_same_l_attentive_seed_summary.csv,intphys2__same_l__v_jepa__vit_l_16__temporal_attn__layer_18,IntPhys2,intphys2,same_L,V-JEPA,ViT-L/16,Attentive,temporal_attn,18,18,3,"42,101,102",73.856209,4.934533,80.882353,2.729296,69.281046,8.163396,81.045752,2.995147,94.481236,5.632384,94.701987,3.307116,true,,
same_l_attentive,results/seed_runs/layerwise_same_l_attentive_seed_summary.csv,intphys2__same_l__v_jepa__vit_l_16__temporal_attn__layer_24,IntPhys2,intphys2,same_L,V-JEPA,ViT-L/16,Attentive,temporal_attn,24,24,3,"42,101,102",60.130719,4.934532,75,8.616861,64.705882,3.396178,76.143791,3.931768,97.130243,4.409489,96.467991,3.598217,true,,
same_l_attentive,results/seed_runs/layerwise_same_l_attentive_seed_summary.csv,intphys2__same_l__v_jepa__vit_l_16__temporal_attn__layer_6,IntPhys2,intphys2,same_L,V-JEPA,ViT-L/16,Attentive,temporal_attn,6,6,3,"42,101,102",13.725491,3.396178,51.30719,2.872287,22.222222,2.995148,55.228758,0.748787,13.024282,2.128841,49.77925,0.97011,true,,
same_l_attentive,results/seed_runs/layerwise_same_l_attentive_seed_summary.csv,intphys2__same_l__videomae__vit_l_16__temporal_attn__layer_12,IntPhys2,intphys2,same_L,VideoMAE,ViT-L/16,Attentive,temporal_attn,12,12,3,"42,101,102",9.803921,8.985443,47.712418,3.711705,20.915033,7.924416,54.575164,0.56603,9.050772,1.66663,50.496689,2.58087,true,,
same_l_attentive,results/seed_runs/layerwise_same_l_attentive_seed_summary.csv,intphys2__same_l__videomae__vit_l_16__temporal_attn__layer_18,IntPhys2,intphys2,same_L,VideoMAE,ViT-L/16,Attentive,temporal_attn,18,18,3,"42,101,102",62.091503,2.995148,75.326797,2.264118,60.784314,7.069709,77.287582,3.931768,95.584989,2.325752,95.364238,2.40494,true,,
same_l_attentive,results/seed_runs/layerwise_same_l_attentive_seed_summary.csv,intphys2__same_l__videomae__vit_l_16__temporal_attn__layer_24,IntPhys2,intphys2,same_L,VideoMAE,ViT-L/16,Attentive,temporal_attn,24,24,3,"42,101,102",58.169935,11.98059,67.647059,14.957006,47.058824,26.379655,69.444444,15.159137,77.262693,31.415681,80.794702,26.307837,true,,
same_l_attentive,results/seed_runs/layerwise_same_l_attentive_seed_summary.csv,intphys2__same_l__videomae__vit_l_16__temporal_attn__layer_6,IntPhys2,intphys2,same_L,VideoMAE,ViT-L/16,Attentive,temporal_attn,6,6,3,"42,101,102",18.300654,2.995147,51.470588,1.296937,16.993464,2.995148,54.084968,0.748787,14.128035,0.764702,48.730684,1.483921,true,,
same_l_attentive,results/seed_runs/layerwise_same_l_attentive_seed_summary.csv,intphys2__same_l__videomae_v2__vit_l_16__temporal_attn__layer_12,IntPhys2,intphys2,same_L,VideoMAE-v2,ViT-L/16,Attentive,temporal_attn,12,12,3,"42,101,102",34.640523,24.982372,61.601307,10.050016,37.254902,23.85397,63.72549,10.615886,57.836645,41.707836,73.896247,20.734621,true,,
same_l_attentive,results/seed_runs/layerwise_same_l_attentive_seed_summary.csv,intphys2__same_l__videomae_v2__vit_l_16__temporal_attn__layer_18,IntPhys2,intphys2,same_L,VideoMAE-v2,ViT-L/16,Attentive,temporal_attn,18,18,3,"42,101,102",56.862745,3.396178,71.24183,2.316576,57.51634,1.132059,74.346405,2.040849,90.728477,1.752153,91.666667,2.691777,true,,
same_l_attentive,results/seed_runs/layerwise_same_l_attentive_seed_summary.csv,intphys2__same_l__videomae_v2__vit_l_16__temporal_attn__layer_24,IntPhys2,intphys2,same_L,VideoMAE-v2,ViT-L/16,Attentive,temporal_attn,24,24,3,"42,101,102",25.490196,5.882353,54.575163,6.582757,28.104575,7.42341,58.986928,1.020425,98.675497,0.662252,96.743929,1.011606,true,,
same_l_attentive,results/seed_runs/layerwise_same_l_attentive_seed_summary.csv,intphys2__same_l__videomae_v2__vit_l_16__temporal_attn__layer_6,IntPhys2,intphys2,same_L,VideoMAE-v2,ViT-L/16,Attentive,temporal_attn,6,6,3,"42,101,102",4.575163,2.995147,49.019608,1.470588,11.764706,8.985442,54.248366,1.13206,7.284768,5.420764,49.613687,1.126963,true,,
same_l_attentive,results/seed_runs/layerwise_same_l_attentive_seed_summary.csv,mvp__same_l__jepa_v1__vitl16_224__temporal_attn__layer_12,MVP,mvp,same_L,V-JEPA,ViT-L/16,Attentive,temporal_attn,12,12,3,"42,101,102",91.439164,0.939492,95.382541,0.644136,91.708797,0.789712,95.433098,0.249387,96.211355,0.393801,98.088814,0.21353,true,,
same_l_attentive,results/seed_runs/layerwise_same_l_attentive_seed_summary.csv,mvp__same_l__jepa_v1__vitl16_224__temporal_attn__layer_18,MVP,mvp,same_L,V-JEPA,ViT-L/16,Attentive,temporal_attn,18,18,3,"42,101,102",93.832154,0.303337,96.579036,0.20432,93.495113,0.911881,96.393664,0.429975,98.06633,1.062439,99.027543,0.531219,true,,
same_l_attentive,results/seed_runs/layerwise_same_l_attentive_seed_summary.csv,mvp__same_l__jepa_v1__vitl16_224__temporal_attn__layer_24,MVP,mvp,same_L,V-JEPA,ViT-L/16,Attentive,temporal_attn,24,24,3,"42,101,102",90.66397,3.133392,95.011796,1.776192,91.371756,2.048199,95.399393,0.875657,97.594154,0.239278,98.785835,0.127316,true,,
same_l_attentive,results/seed_runs/layerwise_same_l_attentive_seed_summary.csv,mvp__same_l__jepa_v1__vitl16_224__temporal_attn__layer_6,MVP,mvp,same_L,V-JEPA,ViT-L/16,Attentive,temporal_attn,6,6,3,"42,101,102",75.463431,1.43826,86.012808,0.847978,76.474553,0.772258,86.568925,0.556882,90.477797,3.171815,94.985947,1.711975,true,,
same_l_attentive,results/seed_runs/layerwise_same_l_attentive_seed_summary.csv,mvp__same_l__jepa_v2_1__vitl_384__temporal_attn__layer_12,MVP,mvp,same_L,V-JEPA 2.1,ViT-L/16,Attentive,temporal_attn,12,12,3,"42,101,102",81.429053,4.966179,89.703404,3.25384,83.653522,4.706157,91.085271,2.928911,89.623384,4.349887,94.564362,2.408596,true,,
same_l_attentive,results/seed_runs/layerwise_same_l_attentive_seed_summary.csv,mvp__same_l__jepa_v2_1__vitl_384__temporal_attn__layer_18,MVP,mvp,same_L,V-JEPA 2.1,ViT-L/16,Attentive,temporal_attn,18,18,3,"42,101,102",74.081564,18.952094,86.720593,9.576927,75.328615,19.380607,87.27671,9.760648,78.830804,20.439515,89.291737,10.271559,true,,
same_l_attentive,results/seed_runs/layerwise_same_l_attentive_seed_summary.csv,mvp__same_l__jepa_v2_1__vitl_384__temporal_attn__layer_24,MVP,mvp,same_L,V-JEPA 2.1,ViT-L/16,Attentive,temporal_attn,24,24,3,"42,101,102",89.922481,4.853738,94.371419,2.499505,90.66397,3.172304,94.809572,1.600589,95.761664,2.160185,97.790894,1.085563,true,,
same_l_attentive,results/seed_runs/layerwise_same_l_attentive_seed_summary.csv,mvp__same_l__jepa_v2_1__vitl_384__temporal_attn__layer_6,MVP,mvp,same_L,V-JEPA 2.1,ViT-L/16,Attentive,temporal_attn,6,6,3,"42,101,102",23.525447,30.217901,59.25177,12.873756,24.334344,31.309111,60.431412,14.036616,30.477797,41.46207,64.103429,20.349641,true,,
same_l_attentive,results/seed_runs/layerwise_same_l_attentive_seed_summary.csv,mvp__same_l__jepa_v2__vitl_256__temporal_attn__layer_12,MVP,mvp,same_L,V-JEPA 2,ViT-L/16,Attentive,temporal_attn,12,12,3,"42,101,102",82.271655,5.739697,90.006741,3.128902,83.990563,6.711852,90.899899,3.934617,94.333895,3.422731,97.110737,1.752848,true,,
same_l_attentive,results/seed_runs/layerwise_same_l_attentive_seed_summary.csv,mvp__same_l__jepa_v2__vitl_256__temporal_attn__layer_18,MVP,mvp,same_L,V-JEPA 2,ViT-L/16,Attentive,temporal_attn,18,18,3,"42,101,102",93.360297,0.758903,96.292551,0.379452,93.528817,0.267518,96.427368,0.191402,98.111299,1.118083,99.055649,0.559042,true,,
same_l_attentive,results/seed_runs/layerwise_same_l_attentive_seed_summary.csv,mvp__same_l__jepa_v2__vitl_256__temporal_attn__layer_24,MVP,mvp,same_L,V-JEPA 2,ViT-L/16,Attentive,temporal_attn,24,24,3,"42,101,102",93.461409,0.574949,96.461072,0.315723,94.405123,0.609476,96.949781,0.392692,98.055087,0.459147,99.005059,0.267698,true,,
same_l_attentive,results/seed_runs/layerwise_same_l_attentive_seed_summary.csv,mvp__same_l__jepa_v2__vitl_256__temporal_attn__layer_6,MVP,mvp,same_L,V-JEPA 2,ViT-L/16,Attentive,temporal_attn,6,6,3,"42,101,102",49.646107,4.997645,70.795416,1.695201,50.252781,6.233797,70.947085,2.096911,67.105115,7.535987,82.124789,3.242688,true,,
same_l_attentive,results/seed_runs/layerwise_same_l_attentive_seed_summary.csv,mvp__same_l__videomae__vit_large_16_224__temporal_attn__layer_12,MVP,mvp,same_L,VideoMAE,ViT-L/16,Attentive,temporal_attn,12,12,3,"42,101,102",74.856758,2.934578,85.45669,1.606964,75.834176,2.883029,86.299292,1.605903,89.690838,3.522044,94.541878,1.827976,true,,
same_l_attentive,results/seed_runs/layerwise_same_l_attentive_seed_summary.csv,mvp__same_l__videomae__vit_large_16_224__temporal_attn__layer_18,MVP,mvp,same_L,VideoMAE,ViT-L/16,Attentive,temporal_attn,18,18,3,"42,101,102",85.743175,1.415571,92.096394,0.917469,87.293562,2.145709,93.073812,1.24557,93.524452,0.585139,96.638561,0.274689,true,,
same_l_attentive,results/seed_runs/layerwise_same_l_attentive_seed_summary.csv,mvp__same_l__videomae__vit_large_16_224__temporal_attn__layer_24,MVP,mvp,same_L,VideoMAE,ViT-L/16,Attentive,temporal_attn,24,24,3,"42,101,102",89.787664,0.463354,94.590496,0.175132,91.607685,0.267518,95.584766,0.20432,97.03204,0.421248,98.51602,0.210624,true,,
same_l_attentive,results/seed_runs/layerwise_same_l_attentive_seed_summary.csv,mvp__same_l__videomae__vit_large_16_224__temporal_attn__layer_6,MVP,mvp,same_L,VideoMAE,ViT-L/16,Attentive,temporal_attn,6,6,3,"42,101,102",67.138524,1.872624,80.771823,1.550296,67.340748,2.692321,80.788676,1.872625,88.746487,4.206307,94.075323,2.356436,true,,
same_l_attentive,results/seed_runs/layerwise_same_l_attentive_seed_summary.csv,mvp__same_l__videomae_v2__vit_large_16_224__temporal_attn__layer_12,MVP,mvp,same_L,VideoMAE-v2,ViT-L/16,Attentive,temporal_attn,12,12,3,"42,101,102",63.768116,11.131687,78.008089,7.322613,64.846646,11.569438,79.238288,7.510661,85.879708,18.362022,92.07982,10.626413,true,,
same_l_attentive,results/seed_runs/layerwise_same_l_attentive_seed_summary.csv,mvp__same_l__videomae_v2__vit_large_16_224__temporal_attn__layer_18,MVP,mvp,same_L,VideoMAE-v2,ViT-L/16,Attentive,temporal_attn,18,18,3,"42,101,102",87.125042,0.40864,92.821032,0.307521,88.776542,0.101112,93.781597,0.267518,95.030917,1.578449,97.27937,1.096813,true,,
same_l_attentive,results/seed_runs/layerwise_same_l_attentive_seed_summary.csv,mvp__same_l__videomae_v2__vit_large_16_224__temporal_attn__layer_24,MVP,mvp,same_L,VideoMAE-v2,ViT-L/16,Attentive,temporal_attn,24,24,3,"42,101,102",79.609033,3.573904,88.692282,2.186419,80.047186,3.855988,88.894506,2.398265,96.987071,1.383348,98.493536,0.691674,true,,
same_l_attentive,results/seed_runs/layerwise_same_l_attentive_seed_summary.csv,mvp__same_l__videomae_v2__vit_large_16_224__temporal_attn__layer_6,MVP,mvp,same_L,VideoMAE-v2,ViT-L/16,Attentive,temporal_attn,6,6,3,"42,101,102",59.319178,3.236118,75.362319,1.961508,60.397708,4.790131,76.306033,2.857353,82.338392,3.945364,90.44407,2.24165,true,,
backbone_sweep_linear_mlp,results/seed_runs/layerwise_backbone_sweep_linear_mlp_seed_summary.csv,intphys2__backbone_sweep__jepa_v2_1__vitb_384__linear__layer_12,IntPhys2,intphys2,backbone_sweep,V-JEPA 2.1,ViT-B/16,Linear,linear,12,12,3,"42,101,102",38.562091,1.132059,55.228758,1.415074,40.522876,1.13206,61.928105,0.748787,48.565122,2.023212,64.403973,0.721672,true,,
backbone_sweep_linear_mlp,results/seed_runs/layerwise_backbone_sweep_linear_mlp_seed_summary.csv,intphys2__backbone_sweep__jepa_v2_1__vitb_384__linear__layer_3,IntPhys2,intphys2,backbone_sweep,V-JEPA 2.1,ViT-B/16,Linear,linear,3,3,3,"42,101,102",16.993464,5.990295,50.653595,1.020424,15.03268,7.42341,53.104575,0.748787,22.737307,4.970565,51.434878,0.095588,true,,
backbone_sweep_linear_mlp,results/seed_runs/layerwise_backbone_sweep_linear_mlp_seed_summary.csv,intphys2__backbone_sweep__jepa_v2_1__vitb_384__linear__layer_6,IntPhys2,intphys2,backbone_sweep,V-JEPA 2.1,ViT-B/16,Linear,linear,6,6,3,"42,101,102",29.411765,0,53.104575,3.15152,24.836601,2.995148,55.392157,0.980392,47.461369,1.66663,57.229581,0.849603,true,,
backbone_sweep_linear_mlp,results/seed_runs/layerwise_backbone_sweep_linear_mlp_seed_summary.csv,intphys2__backbone_sweep__jepa_v2_1__vitb_384__linear__layer_9,IntPhys2,intphys2,backbone_sweep,V-JEPA 2.1,ViT-B/16,Linear,linear,9,9,3,"42,101,102",24.836601,8.841666,51.633987,0.283015,43.137255,1.960784,52.614379,0.283015,49.668874,3.441161,52.980132,1.443344,true,,
backbone_sweep_linear_mlp,results/seed_runs/layerwise_backbone_sweep_linear_mlp_seed_summary.csv,intphys2__backbone_sweep__jepa_v2_1__vitb_384__mlp__layer_12,IntPhys2,intphys2,backbone_sweep,V-JEPA 2.1,ViT-B/16,MLP,mlp,12,12,3,"42,101,102",49.019608,3.396178,62.908497,1.020424,41.830065,2.995147,67.647059,0.490196,94.481236,6.117618,94.591612,3.07668,true,,
backbone_sweep_linear_mlp,results/seed_runs/layerwise_backbone_sweep_linear_mlp_seed_summary.csv,intphys2__backbone_sweep__jepa_v2_1__vitb_384__mlp__layer_3,IntPhys2,intphys2,backbone_sweep,V-JEPA 2.1,ViT-B/16,MLP,mlp,3,3,3,"42,101,102",26.143791,1.132059,54.575163,2.210417,21.568627,3.396178,56.372549,1.296937,82.560706,9.94113,85.816777,9.254261,true,,
backbone_sweep_linear_mlp,results/seed_runs/layerwise_backbone_sweep_linear_mlp_seed_summary.csv,intphys2__backbone_sweep__jepa_v2_1__vitb_384__mlp__layer_6,IntPhys2,intphys2,backbone_sweep,V-JEPA 2.1,ViT-B/16,MLP,mlp,6,6,3,"42,101,102",22.875817,2.995148,50.163399,0.748787,26.797386,2.995147,52.45098,0.849044,46.136865,1.66663,52.649007,1.41457,true,,
backbone_sweep_linear_mlp,results/seed_runs/layerwise_backbone_sweep_linear_mlp_seed_summary.csv,intphys2__backbone_sweep__jepa_v2_1__vitb_384__mlp__layer_9,IntPhys2,intphys2,backbone_sweep,V-JEPA 2.1,ViT-B/16,MLP,mlp,9,9,3,"42,101,102",49.673202,9.869065,62.418301,1.020424,44.444445,2.995147,63.398693,0.748787,87.196468,16.771231,89.403973,11.218033,true,,
backbone_sweep_linear_mlp,results/seed_runs/layerwise_backbone_sweep_linear_mlp_seed_summary.csv,intphys2__backbone_sweep__jepa_v2_1__vitg_384__linear__layer_10,IntPhys2,intphys2,backbone_sweep,V-JEPA 2.1,ViT-G/16,Linear,linear,10,10,3,"42,101,102",23.529412,1.960785,54.084967,1.415075,18.300654,4.934533,53.75817,1.497574,16.997793,2.507244,54.028698,1.162875,true,,
backbone_sweep_linear_mlp,results/seed_runs/layerwise_backbone_sweep_linear_mlp_seed_summary.csv,intphys2__backbone_sweep__jepa_v2_1__vitg_384__linear__layer_20,IntPhys2,intphys2,backbone_sweep,V-JEPA 2.1,ViT-G/16,Linear,linear,20,20,3,"42,101,102",30.718954,2.264118,56.20915,1.497574,37.254902,1.960784,59.803922,0.849045,44.812362,3.647398,60.320088,2.198519,true,,
backbone_sweep_linear_mlp,results/seed_runs/layerwise_backbone_sweep_linear_mlp_seed_summary.csv,intphys2__backbone_sweep__jepa_v2_1__vitg_384__linear__layer_30,IntPhys2,intphys2,backbone_sweep,V-JEPA 2.1,ViT-G/16,Linear,linear,30,30,3,"42,101,102",30.065359,2.995147,52.777778,1.020425,33.986928,2.995148,59.640523,0.56603,54.966887,4.13576,69.426049,1.42743,true,,
backbone_sweep_linear_mlp,results/seed_runs/layerwise_backbone_sweep_linear_mlp_seed_summary.csv,intphys2__backbone_sweep__jepa_v2_1__vitg_384__linear__layer_40,IntPhys2,intphys2,backbone_sweep,V-JEPA 2.1,ViT-G/16,Linear,linear,40,40,3,"42,101,102",47.058824,1.960785,55.555556,0.748787,27.45098,1.960785,59.150327,1.020425,44.591611,1.011606,62.693157,1.860896,true,,
backbone_sweep_linear_mlp,results/seed_runs/layerwise_backbone_sweep_linear_mlp_seed_summary.csv,intphys2__backbone_sweep__jepa_v2_1__vitg_384__mlp__layer_10,IntPhys2,intphys2,backbone_sweep,V-JEPA 2.1,ViT-G/16,MLP,mlp,10,10,3,"42,101,102",15.686275,1.960785,54.084967,2.872287,17.647059,5.187748,52.777778,1.497574,18.101545,1.529405,52.593819,0.955878,true,,
backbone_sweep_linear_mlp,results/seed_runs/layerwise_backbone_sweep_linear_mlp_seed_summary.csv,intphys2__backbone_sweep__jepa_v2_1__vitg_384__mlp__layer_20,IntPhys2,intphys2,backbone_sweep,V-JEPA 2.1,ViT-G/16,MLP,mlp,20,20,3,"42,101,102",39.869281,2.264119,58.169935,1.497574,35.947712,2.264119,61.437909,1.233633,99.116998,1.529405,91.777042,7.790845,true,,
backbone_sweep_linear_mlp,results/seed_runs/layerwise_backbone_sweep_linear_mlp_seed_summary.csv,intphys2__backbone_sweep__jepa_v2_1__vitg_384__mlp__layer_30,IntPhys2,intphys2,backbone_sweep,V-JEPA 2.1,ViT-G/16,MLP,mlp,30,30,3,"42,101,102",36.601307,2.264118,59.640523,2.467266,38.562091,1.132059,63.888889,0.283015,92.05298,1.752153,92.218543,1.15894,true,,
backbone_sweep_linear_mlp,results/seed_runs/layerwise_backbone_sweep_linear_mlp_seed_summary.csv,intphys2__backbone_sweep__jepa_v2_1__vitg_384__mlp__layer_40,IntPhys2,intphys2,backbone_sweep,V-JEPA 2.1,ViT-G/16,MLP,mlp,40,40,3,"42,101,102",41.176471,1.960785,60.294117,1.698089,24.836601,6.886048,60.620915,0.283015,100,0,98.013245,1.147054,true,,
backbone_sweep_linear_mlp,results/seed_runs/layerwise_backbone_sweep_linear_mlp_seed_summary.csv,intphys2__backbone_sweep__videomae_v2__vit_base_16_224__linear__layer_12,IntPhys2,intphys2,backbone_sweep,VideoMAE-v2,ViT-B/16,Linear,linear,12,12,3,"42,101,102",27.45098,1.960785,56.20915,2.418079,31.372549,1.960784,59.477124,0.56603,66.887417,5.658281,69.86755,2.548808,true,,
backbone_sweep_linear_mlp,results/seed_runs/layerwise_backbone_sweep_linear_mlp_seed_summary.csv,intphys2__backbone_sweep__videomae_v2__vit_base_16_224__linear__layer_3,IntPhys2,intphys2,backbone_sweep,VideoMAE-v2,ViT-B/16,Linear,linear,3,3,3,"42,101,102",12.418301,10.799158,50.816993,1.132059,11.111111,4.081698,51.797385,0.283015,17.660044,3.647398,50.551877,0.252902,true,,
backbone_sweep_linear_mlp,results/seed_runs/layerwise_backbone_sweep_linear_mlp_seed_summary.csv,intphys2__backbone_sweep__videomae_v2__vit_base_16_224__linear__layer_6,IntPhys2,intphys2,backbone_sweep,VideoMAE-v2,ViT-B/16,Linear,linear,6,6,3,"42,101,102",28.104575,5.990295,53.267974,1.855853,29.411765,1.960785,54.084968,0.56603,41.501104,3.26681,55.849889,0.97011,true,,
backbone_sweep_linear_mlp,results/seed_runs/layerwise_backbone_sweep_linear_mlp_seed_summary.csv,intphys2__backbone_sweep__videomae_v2__vit_base_16_224__linear__layer_9,IntPhys2,intphys2,backbone_sweep,VideoMAE-v2,ViT-B/16,Linear,linear,9,9,3,"42,101,102",39.869281,2.995148,57.843137,2.136715,47.058824,1.960785,59.967321,0.283015,48.785872,1.011606,64.348786,3.054325,true,,
backbone_sweep_linear_mlp,results/seed_runs/layerwise_backbone_sweep_linear_mlp_seed_summary.csv,intphys2__backbone_sweep__videomae_v2__vit_base_16_224__mlp__layer_12,IntPhys2,intphys2,backbone_sweep,VideoMAE-v2,ViT-B/16,MLP,mlp,12,12,3,"42,101,102",29.411765,3.921569,57.352941,1.960784,44.444444,1.132059,62.418301,1.233633,82.560706,13.15088,81.898455,6.794806,true,,
backbone_sweep_linear_mlp,results/seed_runs/layerwise_backbone_sweep_linear_mlp_seed_summary.csv,intphys2__backbone_sweep__videomae_v2__vit_base_16_224__mlp__layer_3,IntPhys2,intphys2,backbone_sweep,VideoMAE-v2,ViT-B/16,MLP,mlp,3,3,3,"42,101,102",9.803922,3.921569,50,0,12.418301,10.061964,50,0,7.064018,1.66663,50,0,true,,
backbone_sweep_linear_mlp,results/seed_runs/layerwise_backbone_sweep_linear_mlp_seed_summary.csv,intphys2__backbone_sweep__videomae_v2__vit_base_16_224__mlp__layer_6,IntPhys2,intphys2,backbone_sweep,VideoMAE-v2,ViT-B/16,MLP,mlp,6,6,3,"42,101,102",18.300654,8.163396,50.980392,0.490196,24.183007,8.841666,52.287581,0.283015,32.891832,3.765722,51.434879,0.581438,true,,
backbone_sweep_linear_mlp,results/seed_runs/layerwise_backbone_sweep_linear_mlp_seed_summary.csv,intphys2__backbone_sweep__videomae_v2__vit_base_16_224__mlp__layer_9,IntPhys2,intphys2,backbone_sweep,VideoMAE-v2,ViT-B/16,MLP,mlp,9,9,3,"42,101,102",37.908497,2.264118,55.882353,1.767427,48.366013,2.995148,58.006536,1.020424,44.370861,0.662252,60.04415,1.590898,true,,
backbone_sweep_linear_mlp,results/seed_runs/layerwise_backbone_sweep_linear_mlp_seed_summary.csv,mvp__backbone_sweep__jepa_v2_1__vitb_384__linear__layer_12,MVP,mvp,backbone_sweep,V-JEPA 2.1,ViT-B/16,Linear,linear,12,12,3,"42,101,102",40.815639,0.308903,65.520728,0.307521,44.6242,0.508921,67.677789,0.058377,49.421023,0.280832,71.152333,0.103037,true,,
backbone_sweep_linear_mlp,results/seed_runs/layerwise_backbone_sweep_linear_mlp_seed_summary.csv,mvp__backbone_sweep__jepa_v2_1__vitb_384__linear__layer_3,MVP,mvp,backbone_sweep,V-JEPA 2.1,ViT-B/16,Linear,linear,3,3,3,"42,101,102",32.119986,0.710189,61.088642,0.22797,32.996293,0.574949,61.846984,0.058378,36.402473,0.390902,64.05846,0.297071,true,,
backbone_sweep_linear_mlp,results/seed_runs/layerwise_backbone_sweep_linear_mlp_seed_summary.csv,mvp__backbone_sweep__jepa_v2_1__vitb_384__linear__layer_6,MVP,mvp,backbone_sweep,V-JEPA 2.1,ViT-B/16,Linear,linear,6,6,3,"42,101,102",38.658578,0.518868,65.099427,0.177547,38.995618,0.518868,65.200539,0.077226,44.822934,0.089233,68.887015,0.118044,true,,
backbone_sweep_linear_mlp,results/seed_runs/layerwise_backbone_sweep_linear_mlp_seed_summary.csv,mvp__backbone_sweep__jepa_v2_1__vitb_384__linear__layer_9,MVP,mvp,backbone_sweep,V-JEPA 2.1,ViT-B/16,Linear,linear,9,9,3,"42,101,102",38.624874,0.350263,63.953489,0.220369,42.635659,0.40864,65.975733,0.087566,45.868465,0.446164,69.707701,0.156687,true,,
backbone_sweep_linear_mlp,results/seed_runs/layerwise_backbone_sweep_linear_mlp_seed_summary.csv,mvp__backbone_sweep__jepa_v2_1__vitb_384__mlp__layer_12,MVP,mvp,backbone_sweep,V-JEPA 2.1,ViT-B/16,MLP,mlp,12,12,3,"42,101,102",70.610044,2.025612,84.024267,0.875657,72.56488,0.382804,85.321874,0.116754,89.173693,1.256069,94.485666,0.613373,true,,
backbone_sweep_linear_mlp,results/seed_runs/layerwise_backbone_sweep_linear_mlp_seed_summary.csv,mvp__backbone_sweep__jepa_v2_1__vitb_384__mlp__layer_3,MVP,mvp,backbone_sweep,V-JEPA 2.1,ViT-B/16,MLP,mlp,3,3,3,"42,101,102",50.219077,0.939492,71.216717,1.153226,53.218739,1.017841,73.30637,0.562969,85.081506,2.647573,92.338392,1.322497,true,,
backbone_sweep_linear_mlp,results/seed_runs/layerwise_backbone_sweep_linear_mlp_seed_summary.csv,mvp__backbone_sweep__jepa_v2_1__vitb_384__mlp__layer_6,MVP,mvp,backbone_sweep,V-JEPA 2.1,ViT-B/16,MLP,mlp,6,6,3,"42,101,102",63.161443,1.223138,78.985507,0.785385,64.138861,0.45594,79.811257,0.20432,93.693086,1.337641,96.835301,0.666549,true,,
backbone_sweep_linear_mlp,results/seed_runs/layerwise_backbone_sweep_linear_mlp_seed_summary.csv,mvp__backbone_sweep__jepa_v2_1__vitb_384__mlp__layer_9,MVP,mvp,backbone_sweep,V-JEPA 2.1,ViT-B/16,MLP,mlp,9,9,3,"42,101,102",66.464442,1.127451,80.957196,0.673239,67.711493,0.710189,81.799798,0.252781,96.537381,0.421698,98.263069,0.220518,true,,
backbone_sweep_linear_mlp,results/seed_runs/layerwise_backbone_sweep_linear_mlp_seed_summary.csv,mvp__backbone_sweep__jepa_v2_1__vitg_384__linear__layer_10,MVP,mvp,backbone_sweep,V-JEPA 2.1,ViT-G/16,Linear,linear,10,10,3,"42,101,102",33.973711,1.139477,61.341422,0.379452,38.287833,0.811002,64.307381,0.281484,44.519393,2.034541,68.274311,1.085345,true,,
backbone_sweep_linear_mlp,results/seed_runs/layerwise_backbone_sweep_linear_mlp_seed_summary.csv,mvp__backbone_sweep__jepa_v2_1__vitg_384__linear__layer_20,MVP,mvp,backbone_sweep,V-JEPA 2.1,ViT-G/16,Linear,linear,20,20,3,"42,101,102",37.782272,0.673238,63.97034,0.506403,39.973036,0.617806,65.402764,0.077226,51.354693,0.516288,72.939854,0.315636,true,,
backbone_sweep_linear_mlp,results/seed_runs/layerwise_backbone_sweep_linear_mlp_seed_summary.csv,mvp__backbone_sweep__jepa_v2_1__vitg_384__linear__layer_30,MVP,mvp,backbone_sweep,V-JEPA 2.1,ViT-G/16,Linear,linear,30,30,3,"42,101,102",44.253455,0.871757,66.970003,0.554583,45.197169,0.535036,68.217054,0.077226,58.639685,0.489136,76.750984,0.464994,true,,
backbone_sweep_linear_mlp,results/seed_runs/layerwise_backbone_sweep_linear_mlp_seed_summary.csv,mvp__backbone_sweep__jepa_v2_1__vitg_384__linear__layer_40,MVP,mvp,backbone_sweep,V-JEPA 2.1,ViT-G/16,Linear,linear,40,40,3,"42,101,102",46.410515,0.631446,68.318167,0.287474,50.421301,0.688257,71.300977,0.116755,59.943788,0.371506,77.386172,0.182406,true,,
backbone_sweep_linear_mlp,results/seed_runs/layerwise_backbone_sweep_linear_mlp_seed_summary.csv,mvp__backbone_sweep__jepa_v2_1__vitg_384__mlp__layer_10,MVP,mvp,backbone_sweep,V-JEPA 2.1,ViT-G/16,MLP,mlp,10,10,3,"42,101,102",47.152005,1.06208,69.649478,0.506403,48.702393,0.477838,70.694304,0.429975,90.264194,1.822601,95.042159,0.891211,true,,
backbone_sweep_linear_mlp,results/seed_runs/layerwise_backbone_sweep_linear_mlp_seed_summary.csv,mvp__backbone_sweep__jepa_v2_1__vitg_384__mlp__layer_20,MVP,mvp,backbone_sweep,V-JEPA 2.1,ViT-G/16,MLP,mlp,20,20,3,"42,101,102",60.397708,0.859949,76.643074,0.440738,63.296259,0.789712,78.699022,0.233509,97.504216,0.557259,98.752108,0.278629,true,,
backbone_sweep_linear_mlp,results/seed_runs/layerwise_backbone_sweep_linear_mlp_seed_summary.csv,mvp__backbone_sweep__jepa_v2_1__vitg_384__mlp__layer_30,MVP,mvp,backbone_sweep,V-JEPA 2.1,ViT-G/16,MLP,mlp,30,30,3,"42,101,102",68.92484,0.917469,81.580721,1.146558,70.845972,0.355094,83.316481,0.050556,98.527262,0.30229,99.263631,0.151145,true,,
backbone_sweep_linear_mlp,results/seed_runs/layerwise_backbone_sweep_linear_mlp_seed_summary.csv,mvp__backbone_sweep__jepa_v2_1__vitg_384__mlp__layer_40,MVP,mvp,backbone_sweep,V-JEPA 2.1,ViT-G/16,MLP,mlp,40,40,3,"42,101,102",65.891473,1.662469,80.451634,0.967636,68.722615,0.906258,82.339063,0.254461,97.27937,0.108416,98.639685,0.054208,true,,
backbone_sweep_linear_mlp,results/seed_runs/layerwise_backbone_sweep_linear_mlp_seed_summary.csv,mvp__backbone_sweep__videomae_v2__vit_base_16_224__linear__layer_12,MVP,mvp,backbone_sweep,VideoMAE-v2,ViT-B/16,Linear,linear,12,12,3,"42,101,102",35.928547,0.355094,63.6333,0.259434,40.074149,0.058377,65.840917,0.029189,45.958404,1.959738,69.623384,1.046664,true,,
backbone_sweep_linear_mlp,results/seed_runs/layerwise_backbone_sweep_linear_mlp_seed_summary.csv,mvp__backbone_sweep__videomae_v2__vit_base_16_224__linear__layer_3,MVP,mvp,backbone_sweep,VideoMAE-v2,ViT-B/16,Linear,linear,3,3,3,"42,101,102",32.827772,0.25446,60.886417,0.325031,33.80519,0.25446,62.773846,0.077226,36.82968,0.121604,64.564362,0.23265,true,,
backbone_sweep_linear_mlp,results/seed_runs/layerwise_backbone_sweep_linear_mlp_seed_summary.csv,mvp__backbone_sweep__videomae_v2__vit_base_16_224__linear__layer_6,MVP,mvp,backbone_sweep,VideoMAE-v2,ViT-B/16,Linear,linear,6,6,3,"42,101,102",35.355578,0.518867,63.026626,0.25446,36.568925,0.420964,63.515336,0.145943,42.810568,0.320553,68.161889,0.27863,true,,
backbone_sweep_linear_mlp,results/seed_runs/layerwise_backbone_sweep_linear_mlp_seed_summary.csv,mvp__backbone_sweep__videomae_v2__vit_base_16_224__linear__layer_9,MVP,mvp,backbone_sweep,VideoMAE-v2,ViT-B/16,Linear,linear,9,9,3,"42,101,102",39.096731,1.090576,65.116279,0.583041,39.063027,0.710189,65.099427,0.154451,44.384486,1.969196,69.111861,1.101341,true,,
backbone_sweep_linear_mlp,results/seed_runs/layerwise_backbone_sweep_linear_mlp_seed_summary.csv,mvp__backbone_sweep__videomae_v2__vit_base_16_224__mlp__layer_12,MVP,mvp,backbone_sweep,VideoMAE-v2,ViT-B/16,MLP,mlp,12,12,3,"42,101,102",69.228176,1.280312,83.434446,0.640156,75.901584,0.308903,86.905965,0.315723,99.932546,0,99.966273,0,true,,
backbone_sweep_linear_mlp,results/seed_runs/layerwise_backbone_sweep_linear_mlp_seed_summary.csv,mvp__backbone_sweep__videomae_v2__vit_base_16_224__mlp__layer_3,MVP,mvp,backbone_sweep,VideoMAE-v2,ViT-B/16,MLP,mlp,3,3,3,"42,101,102",49.443883,2.407661,71.520054,1.003935,51.668352,0.802553,73.22211,0.411756,78.156268,3.939017,88.870152,1.953755,true,,
backbone_sweep_linear_mlp,results/seed_runs/layerwise_backbone_sweep_linear_mlp_seed_summary.csv,mvp__backbone_sweep__videomae_v2__vit_base_16_224__mlp__layer_6,MVP,mvp,backbone_sweep,VideoMAE-v2,ViT-B/16,MLP,mlp,6,6,3,"42,101,102",56.656555,1.580502,75.311763,0.910478,58.611392,0.758904,77.131783,0.405501,85.092749,2.000145,92.462058,0.998223,true,,
backbone_sweep_linear_mlp,results/seed_runs/layerwise_backbone_sweep_linear_mlp_seed_summary.csv,mvp__backbone_sweep__videomae_v2__vit_base_16_224__mlp__layer_9,MVP,mvp,backbone_sweep,VideoMAE-v2,ViT-B/16,MLP,mlp,9,9,3,"42,101,102",66.026289,0.267518,80.738119,0.231677,69.295585,0.45594,82.878328,0.162515,99.280494,0.638438,99.640248,0.319219,true,,
backbone_sweep_attentive,results/seed_runs/layerwise_backbone_sweep_attentive_seed_summary.csv,intphys2__backbone_sweep__v_jepa_2_1__vit_b_16__temporal_attn__layer_12,IntPhys2,intphys2,backbone_sweep,V-JEPA 2.1,ViT-B/16,Attentive,temporal_attn,12,12,3,"42,101,102",54.248366,4.528237,71.24183,3.443024,58.169934,11.320593,72.54902,2.981746,89.624724,12.915322,91.721854,7.279121,true,,
backbone_sweep_attentive,results/seed_runs/layerwise_backbone_sweep_attentive_seed_summary.csv,intphys2__backbone_sweep__v_jepa_2_1__vit_b_16__temporal_attn__layer_3,IntPhys2,intphys2,backbone_sweep,V-JEPA 2.1,ViT-B/16,Attentive,temporal_attn,3,3,3,"42,101,102",14.379085,8.163396,50.163399,0.283015,11.764706,3.396178,50.490196,0.490196,17.218543,3.441161,50.386313,0.669114,true,,
backbone_sweep_attentive,results/seed_runs/layerwise_backbone_sweep_attentive_seed_summary.csv,intphys2__backbone_sweep__v_jepa_2_1__vit_b_16__temporal_attn__layer_6,IntPhys2,intphys2,backbone_sweep,V-JEPA 2.1,ViT-B/16,Attentive,temporal_attn,6,6,3,"42,101,102",17.647059,3.396178,49.673203,0.56603,17.647059,1.960784,51.307189,0.748787,18.101545,5.553972,50.055188,0.532211,true,,
backbone_sweep_attentive,results/seed_runs/layerwise_backbone_sweep_attentive_seed_summary.csv,intphys2__backbone_sweep__v_jepa_2_1__vit_b_16__temporal_attn__layer_9,IntPhys2,intphys2,backbone_sweep,V-JEPA 2.1,ViT-B/16,Attentive,temporal_attn,9,9,3,"42,101,102",32.026144,23.719277,57.843137,14.011378,33.333333,21.83437,60.130719,14.15923,52.759382,41.253193,65.783665,26.191578,true,,
backbone_sweep_attentive,results/seed_runs/layerwise_backbone_sweep_attentive_seed_summary.csv,intphys2__backbone_sweep__v_jepa_2_1__vit_g_16__temporal_attn__layer_10,IntPhys2,intphys2,backbone_sweep,V-JEPA 2.1,ViT-G/16,Attentive,temporal_attn,10,10,3,"42,101,102",20.261438,1.132059,56.535948,1.497574,16.993464,2.264118,54.084968,0.56603,19.205298,3.034818,52.980132,0.496689,true,,
backbone_sweep_attentive,results/seed_runs/layerwise_backbone_sweep_attentive_seed_summary.csv,intphys2__backbone_sweep__v_jepa_2_1__vit_g_16__temporal_attn__layer_20,IntPhys2,intphys2,backbone_sweep,V-JEPA 2.1,ViT-G/16,Attentive,temporal_attn,20,20,3,"42,101,102",45.098039,5.187748,67.48366,2.995148,46.405229,4.934532,69.281046,0.283015,85.430463,17.85625,86.368653,9.266102,true,,
backbone_sweep_attentive,results/seed_runs/layerwise_backbone_sweep_attentive_seed_summary.csv,intphys2__backbone_sweep__v_jepa_2_1__vit_g_16__temporal_attn__layer_30,IntPhys2,intphys2,backbone_sweep,V-JEPA 2.1,ViT-G/16,Attentive,temporal_attn,30,30,3,"42,101,102",55.555555,6.30304,74.346405,1.233633,56.862745,1.960784,76.633987,1.721512,91.832229,6.892934,91.280353,6.635611,true,,
backbone_sweep_attentive,results/seed_runs/layerwise_backbone_sweep_attentive_seed_summary.csv,intphys2__backbone_sweep__v_jepa_2_1__vit_g_16__temporal_attn__layer_40,IntPhys2,intphys2,backbone_sweep,V-JEPA 2.1,ViT-G/16,Attentive,temporal_attn,40,40,3,"42,101,102",64.705882,3.921569,75.980392,1.296937,60.130719,7.924415,74.509804,2.981746,90.066225,12.686917,90.397351,7.006657,true,,
backbone_sweep_attentive,results/seed_runs/layerwise_backbone_sweep_attentive_seed_summary.csv,intphys2__backbone_sweep__videomae_v2__vit_b_16__temporal_attn__layer_12,IntPhys2,intphys2,backbone_sweep,VideoMAE-v2,ViT-B/16,Attentive,temporal_attn,12,12,3,"42,101,102",38.562092,4.081698,60.620915,1.855852,45.098039,1.960785,65.03268,0.748787,96.02649,6.882321,95.033113,5.25646,true,,
backbone_sweep_attentive,results/seed_runs/layerwise_backbone_sweep_attentive_seed_summary.csv,intphys2__backbone_sweep__videomae_v2__vit_b_16__temporal_attn__layer_3,IntPhys2,intphys2,backbone_sweep,VideoMAE-v2,ViT-B/16,Attentive,temporal_attn,3,3,3,"42,101,102",10.457516,6.30304,48.856209,3.189415,16.993464,2.264118,53.431372,0.849045,17.218543,2.387783,50,1.03394,true,,
backbone_sweep_attentive,results/seed_runs/layerwise_backbone_sweep_attentive_seed_summary.csv,intphys2__backbone_sweep__videomae_v2__vit_b_16__temporal_attn__layer_6,IntPhys2,intphys2,backbone_sweep,VideoMAE-v2,ViT-B/16,Attentive,temporal_attn,6,6,3,"42,101,102",35.294118,20.750991,60.294118,8.998804,37.254902,15.314215,62.418301,10.204245,50.772627,28.115163,67.99117,15.451848,true,,
backbone_sweep_attentive,results/seed_runs/layerwise_backbone_sweep_attentive_seed_summary.csv,intphys2__backbone_sweep__videomae_v2__vit_b_16__temporal_attn__layer_9,IntPhys2,intphys2,backbone_sweep,VideoMAE-v2,ViT-B/16,Attentive,temporal_attn,9,9,3,"42,101,102",54.248366,1.13206,69.607843,2.136715,49.673203,4.528237,72.712418,1.855853,92.273731,6.699334,92.05298,5.035399,true,,
backbone_sweep_attentive,results/seed_runs/layerwise_backbone_sweep_attentive_seed_summary.csv,mvp__backbone_sweep__jepa_v2_1__vitb_384__temporal_attn__layer_12,MVP,mvp,backbone_sweep,V-JEPA 2.1,ViT-B/16,Attentive,temporal_attn,12,12,3,"42,101,102",90.124705,1.127451,94.674756,0.585957,90.866195,1.820956,95.129761,0.783755,96.413716,2.59002,98.195615,1.300015,true,,
backbone_sweep_attentive,results/seed_runs/layerwise_backbone_sweep_attentive_seed_summary.csv,mvp__backbone_sweep__jepa_v2_1__vitb_384__temporal_attn__layer_3,MVP,mvp,backbone_sweep,V-JEPA 2.1,ViT-B/16,Attentive,temporal_attn,3,3,3,"42,101,102",50.556118,1.872625,70.778564,0.101112,52.275025,2.470534,72.177283,0.5989,73.816751,10.654382,86.503654,5.600792,true,,
backbone_sweep_attentive,results/seed_runs/layerwise_backbone_sweep_attentive_seed_summary.csv,mvp__backbone_sweep__jepa_v2_1__vitb_384__temporal_attn__layer_6,MVP,mvp,backbone_sweep,V-JEPA 2.1,ViT-B/16,Attentive,temporal_attn,6,6,3,"42,101,102",78.665319,8.010234,87.748568,5.041014,78.193461,7.892154,87.529491,4.810099,92.883642,1.697099,96.38561,0.901417,true,,
backbone_sweep_attentive,results/seed_runs/layerwise_backbone_sweep_attentive_seed_summary.csv,mvp__backbone_sweep__jepa_v2_1__vitb_384__temporal_attn__layer_9,MVP,mvp,backbone_sweep,V-JEPA 2.1,ViT-B/16,Attentive,temporal_attn,9,9,3,"42,101,102",83.990563,4.204778,91.017863,2.62908,85.069093,3.845368,91.809909,2.251309,91.88308,4.221289,95.874086,2.201584,true,,
backbone_sweep_attentive,results/seed_runs/layerwise_backbone_sweep_attentive_seed_summary.csv,mvp__backbone_sweep__jepa_v2_1__vitg_384__temporal_attn__layer_10,MVP,mvp,backbone_sweep,V-JEPA 2.1,ViT-G/16,Attentive,temporal_attn,10,10,3,"42,101,102",52.544658,3.329547,72.143579,2.139545,52.544658,1.995099,72.126727,1.255109,73.996627,2.894028,85.924677,1.510601,true,,
backbone_sweep_attentive,results/seed_runs/layerwise_backbone_sweep_attentive_seed_summary.csv,mvp__backbone_sweep__jepa_v2_1__vitg_384__temporal_attn__layer_20,MVP,mvp,backbone_sweep,V-JEPA 2.1,ViT-G/16,Attentive,temporal_attn,20,20,3,"42,101,102",75.261207,1.218951,86.19818,0.546848,75.69936,1.612521,86.265588,0.939492,83.293985,1.17432,90.921866,0.517114,true,,
backbone_sweep_attentive,results/seed_runs/layerwise_backbone_sweep_attentive_seed_summary.csv,mvp__backbone_sweep__jepa_v2_1__vitg_384__temporal_attn__layer_30,MVP,mvp,backbone_sweep,V-JEPA 2.1,ViT-G/16,Attentive,temporal_attn,30,30,3,"42,101,102",84.63094,12.503623,91.270644,7.1913,85.911695,11.267249,91.911021,6.742564,92.647555,8.650976,96.070826,4.608649,true,,
backbone_sweep_attentive,results/seed_runs/layerwise_backbone_sweep_attentive_seed_summary.csv,mvp__backbone_sweep__jepa_v2_1__vitg_384__temporal_attn__layer_40,MVP,mvp,backbone_sweep,V-JEPA 2.1,ViT-G/16,Attentive,temporal_attn,40,40,3,"42,101,102",89.450624,3.932127,94.152342,2.343827,91.742501,2.743728,95.315133,1.687646,95.772906,2.048563,97.818999,1.08992,true,,
backbone_sweep_attentive,results/seed_runs/layerwise_backbone_sweep_attentive_seed_summary.csv,mvp__backbone_sweep__videomae_v2__vit_base_16_224__temporal_attn__layer_12,MVP,mvp,backbone_sweep,VideoMAE-v2,ViT-B/16,Attentive,temporal_attn,12,12,3,"42,101,102",71.621166,3.19958,83.468149,1.79741,71.755982,4.358785,83.602966,2.337275,95.424396,0.712533,97.695334,0.366496,true,,
backbone_sweep_attentive,results/seed_runs/layerwise_backbone_sweep_attentive_seed_summary.csv,mvp__backbone_sweep__videomae_v2__vit_base_16_224__temporal_attn__layer_3,MVP,mvp,backbone_sweep,VideoMAE-v2,ViT-B/16,Attentive,temporal_attn,3,3,3,"42,101,102",69.935962,1.544515,82.676104,1.218951,69.700034,1.127451,82.440175,0.177547,86.486791,4.204685,92.973581,2.0955,true,,
backbone_sweep_attentive,results/seed_runs/layerwise_backbone_sweep_attentive_seed_summary.csv,mvp__backbone_sweep__videomae_v2__vit_base_16_224__temporal_attn__layer_6,MVP,mvp,backbone_sweep,VideoMAE-v2,ViT-B/16,Attentive,temporal_attn,6,6,3,"42,101,102",74.486013,1.892537,85.018537,0.938131,75.834176,2.06477,86.28244,1.032798,87.768409,2.498138,93.305228,1.435669,true,,
backbone_sweep_attentive,results/seed_runs/layerwise_backbone_sweep_attentive_seed_summary.csv,mvp__backbone_sweep__videomae_v2__vit_base_16_224__temporal_attn__layer_9,MVP,mvp,backbone_sweep,VideoMAE-v2,ViT-B/16,Attentive,temporal_attn,9,9,3,"42,101,102",86.147624,1.166083,92.366026,0.49792,87.900236,0.254461,93.343445,0.029189,94.918494,0.427059,97.358066,0.178731,true,,
