control,dataset,baseline,backbone,backbone_variant,probe,run_id,layer,layer_label,original_accuracy,original_voe_accuracy,original_roc_auc,all_true_accuracy,all_false_accuracy,prediction_file,summary_path,source_run_dir,original_pair_consistency,all_true_pair_consistency,all_true_voe_accuracy,all_false_pair_consistency,all_false_voe_accuracy
frame_shuffling,intphys2_displacement,displacement,jepa_v1,vith16_384,temporal_attn,24459174,8.0,8,47.05882352941176,21.568627450980397,0.4488658208381392,24.509803921568626,75.49019607843137,/scratch-shared/spunzo1/probe4physics/artifacts/results/intphys2_frame_shuffling/intphys2_frame_shuffling_jepa_v1_vith16_384_temporal_attn_24459174/layer_8/probe_predictions.json,/scratch-shared/spunzo1/probe4physics/artifacts/results/intphys2_frame_shuffling/intphys2_frame_shuffling_jepa_v1_vith16_384_temporal_attn_24459174/layer_8/probe_eval_summary.json,/scratch-shared/spunzo1/probe4physics/artifacts/results/intphys2_frame_shuffling/intphys2_frame_shuffling_jepa_v1_vith16_384_temporal_attn_24459174,,,0.0,,0.0
frame_shuffling,intphys2_displacement,displacement,jepa_v1,vith16_384,temporal_attn,24459174,16.0,16,62.25490196078432,39.21568627450981,0.6947808535178778,43.62745098039216,56.372549019607845,/scratch-shared/spunzo1/probe4physics/artifacts/results/intphys2_frame_shuffling/intphys2_frame_shuffling_jepa_v1_vith16_384_temporal_attn_24459174/layer_16/probe_predictions.json,/scratch-shared/spunzo1/probe4physics/artifacts/results/intphys2_frame_shuffling/intphys2_frame_shuffling_jepa_v1_vith16_384_temporal_attn_24459174/layer_16/probe_eval_summary.json,/scratch-shared/spunzo1/probe4physics/artifacts/results/intphys2_frame_shuffling/intphys2_frame_shuffling_jepa_v1_vith16_384_temporal_attn_24459174,,,0.0,,0.0
frame_shuffling,intphys2_displacement,displacement,jepa_v1,vith16_384,temporal_attn,24459174,24.0,24,70.09803921568627,50.98039215686274,0.8013264129181085,50.49019607843137,49.50980392156863,/scratch-shared/spunzo1/probe4physics/artifacts/results/intphys2_frame_shuffling/intphys2_frame_shuffling_jepa_v1_vith16_384_temporal_attn_24459174/layer_24/probe_predictions.json,/scratch-shared/spunzo1/probe4physics/artifacts/results/intphys2_frame_shuffling/intphys2_frame_shuffling_jepa_v1_vith16_384_temporal_attn_24459174/layer_24/probe_eval_summary.json,/scratch-shared/spunzo1/probe4physics/artifacts/results/intphys2_frame_shuffling/intphys2_frame_shuffling_jepa_v1_vith16_384_temporal_attn_24459174,,,0.0,,0.0
frame_shuffling,intphys2_displacement,displacement,jepa_v1,vith16_384,temporal_attn,24459174,32.0,32,58.82352941176471,45.09803921568628,0.6787773933102653,49.01960784313725,50.98039215686274,/scratch-shared/spunzo1/probe4physics/artifacts/results/intphys2_frame_shuffling/intphys2_frame_shuffling_jepa_v1_vith16_384_temporal_attn_24459174/layer_32/probe_predictions.json,/scratch-shared/spunzo1/probe4physics/artifacts/results/intphys2_frame_shuffling/intphys2_frame_shuffling_jepa_v1_vith16_384_temporal_attn_24459174/layer_32/probe_eval_summary.json,/scratch-shared/spunzo1/probe4physics/artifacts/results/intphys2_frame_shuffling/intphys2_frame_shuffling_jepa_v1_vith16_384_temporal_attn_24459174,,,0.0,,0.0
frame_shuffling,intphys2_displacement,displacement,jepa_v2,vitg_384,temporal_attn,24459175,10.0,10,50.98039215686274,9.803921568627452,0.4992310649750096,38.23529411764706,61.76470588235294,/scratch-shared/spunzo1/probe4physics/artifacts/results/intphys2_frame_shuffling/intphys2_frame_shuffling_jepa_v2_vitg_384_temporal_attn_24459175/layer_10/probe_predictions.json,/scratch-shared/spunzo1/probe4physics/artifacts/results/intphys2_frame_shuffling/intphys2_frame_shuffling_jepa_v2_vitg_384_temporal_attn_24459175/layer_10/probe_eval_summary.json,/scratch-shared/spunzo1/probe4physics/artifacts/results/intphys2_frame_shuffling/intphys2_frame_shuffling_jepa_v2_vitg_384_temporal_attn_24459175,,,0.0,,0.0
frame_shuffling,intphys2_displacement,displacement,jepa_v2,vitg_384,temporal_attn,24459175,20.0,20,49.01960784313725,15.68627450980392,0.4990868896578239,24.509803921568626,75.49019607843137,/scratch-shared/spunzo1/probe4physics/artifacts/results/intphys2_frame_shuffling/intphys2_frame_shuffling_jepa_v2_vitg_384_temporal_attn_24459175/layer_20/probe_predictions.json,/scratch-shared/spunzo1/probe4physics/artifacts/results/intphys2_frame_shuffling/intphys2_frame_shuffling_jepa_v2_vitg_384_temporal_attn_24459175/layer_20/probe_eval_summary.json,/scratch-shared/spunzo1/probe4physics/artifacts/results/intphys2_frame_shuffling/intphys2_frame_shuffling_jepa_v2_vitg_384_temporal_attn_24459175,,,0.0,,0.0
frame_shuffling,intphys2_displacement,displacement,jepa_v2,vitg_384,temporal_attn,24459175,30.0,30,75.49019607843137,60.78431372549019,0.817281814686659,49.01960784313725,50.98039215686274,/scratch-shared/spunzo1/probe4physics/artifacts/results/intphys2_frame_shuffling/intphys2_frame_shuffling_jepa_v2_vitg_384_temporal_attn_24459175/layer_30/probe_predictions.json,/scratch-shared/spunzo1/probe4physics/artifacts/results/intphys2_frame_shuffling/intphys2_frame_shuffling_jepa_v2_vitg_384_temporal_attn_24459175/layer_30/probe_eval_summary.json,/scratch-shared/spunzo1/probe4physics/artifacts/results/intphys2_frame_shuffling/intphys2_frame_shuffling_jepa_v2_vitg_384_temporal_attn_24459175,,,0.0,,0.0
frame_shuffling,intphys2_displacement,displacement,jepa_v2,vitg_384,temporal_attn,24459175,40.0,40,67.64705882352942,54.90196078431373,0.7809496347558631,35.294117647058826,64.70588235294117,/scratch-shared/spunzo1/probe4physics/artifacts/results/intphys2_frame_shuffling/intphys2_frame_shuffling_jepa_v2_vitg_384_temporal_attn_24459175/layer_40/probe_predictions.json,/scratch-shared/spunzo1/probe4physics/artifacts/results/intphys2_frame_shuffling/intphys2_frame_shuffling_jepa_v2_vitg_384_temporal_attn_24459175/layer_40/probe_eval_summary.json,/scratch-shared/spunzo1/probe4physics/artifacts/results/intphys2_frame_shuffling/intphys2_frame_shuffling_jepa_v2_vitg_384_temporal_attn_24459175,,,0.0,,0.0
frame_shuffling,intphys2_displacement,displacement,jepa_v2_1,vitG_384,temporal_attn,24459176,12.0,12,58.82352941176471,35.294117647058826,0.6048635140330642,51.9607843137255,48.03921568627451,/scratch-shared/spunzo1/probe4physics/artifacts/results/intphys2_frame_shuffling/intphys2_frame_shuffling_jepa_v2_1_vitG_384_temporal_attn_24459176/layer_12/probe_predictions.json,/scratch-shared/spunzo1/probe4physics/artifacts/results/intphys2_frame_shuffling/intphys2_frame_shuffling_jepa_v2_1_vitG_384_temporal_attn_24459176/layer_12/probe_eval_summary.json,/scratch-shared/spunzo1/probe4physics/artifacts/results/intphys2_frame_shuffling/intphys2_frame_shuffling_jepa_v2_1_vitG_384_temporal_attn_24459176,,,0.0,,0.0
frame_shuffling,intphys2_displacement,displacement,jepa_v2_1,vitG_384,temporal_attn,24459176,24.0,24,50.98039215686274,17.647058823529413,0.5600249903883122,51.9607843137255,48.03921568627451,/scratch-shared/spunzo1/probe4physics/artifacts/results/intphys2_frame_shuffling/intphys2_frame_shuffling_jepa_v2_1_vitG_384_temporal_attn_24459176/layer_24/probe_predictions.json,/scratch-shared/spunzo1/probe4physics/artifacts/results/intphys2_frame_shuffling/intphys2_frame_shuffling_jepa_v2_1_vitG_384_temporal_attn_24459176/layer_24/probe_eval_summary.json,/scratch-shared/spunzo1/probe4physics/artifacts/results/intphys2_frame_shuffling/intphys2_frame_shuffling_jepa_v2_1_vitG_384_temporal_attn_24459176,,,0.0,,0.0
frame_shuffling,intphys2_displacement,displacement,jepa_v2_1,vitG_384,temporal_attn,24459176,38.0,38,74.50980392156863,56.86274509803921,0.8283352556708958,54.90196078431373,45.09803921568628,/scratch-shared/spunzo1/probe4physics/artifacts/results/intphys2_frame_shuffling/intphys2_frame_shuffling_jepa_v2_1_vitG_384_temporal_attn_24459176/layer_38/probe_predictions.json,/scratch-shared/spunzo1/probe4physics/artifacts/results/intphys2_frame_shuffling/intphys2_frame_shuffling_jepa_v2_1_vitG_384_temporal_attn_24459176/layer_38/probe_eval_summary.json,/scratch-shared/spunzo1/probe4physics/artifacts/results/intphys2_frame_shuffling/intphys2_frame_shuffling_jepa_v2_1_vitG_384_temporal_attn_24459176,,,0.0,,0.0
frame_shuffling,intphys2_displacement,displacement,jepa_v2_1,vitG_384,temporal_attn,24459176,48.0,48,70.58823529411765,60.78431372549019,0.8101691657054979,30.392156862745097,69.6078431372549,/scratch-shared/spunzo1/probe4physics/artifacts/results/intphys2_frame_shuffling/intphys2_frame_shuffling_jepa_v2_1_vitG_384_temporal_attn_24459176/layer_48/probe_predictions.json,/scratch-shared/spunzo1/probe4physics/artifacts/results/intphys2_frame_shuffling/intphys2_frame_shuffling_jepa_v2_1_vitG_384_temporal_attn_24459176/layer_48/probe_eval_summary.json,/scratch-shared/spunzo1/probe4physics/artifacts/results/intphys2_frame_shuffling/intphys2_frame_shuffling_jepa_v2_1_vitG_384_temporal_attn_24459176,,,0.0,,0.0
frame_shuffling,intphys2_displacement,displacement,ltx_video,ltxv_13b_0_9_8_distilled,temporal_attn,24459179,,noise_0.2_block_24,55.392156862745104,23.52941176470588,0.5449826989619377,39.70588235294117,60.29411764705882,/scratch-shared/spunzo1/probe4physics/artifacts/results/intphys2_frame_shuffling/intphys2_frame_shuffling_ltx_video_ltxv_13b_0_9_8_distilled_temporal_attn_24459179/layer_noise_0.2_block_24/probe_predictions.json,/scratch-shared/spunzo1/probe4physics/artifacts/results/intphys2_frame_shuffling/intphys2_frame_shuffling_ltx_video_ltxv_13b_0_9_8_distilled_temporal_attn_24459179/layer_noise_0.2_block_24/probe_eval_summary.json,/scratch-shared/spunzo1/probe4physics/artifacts/results/intphys2_frame_shuffling/intphys2_frame_shuffling_ltx_video_ltxv_13b_0_9_8_distilled_temporal_attn_24459179,,,0.0,,0.0
frame_shuffling,intphys2_displacement,displacement,ltx_video,ltxv_13b_0_9_8_distilled,temporal_attn,24462689,,noise_0.2_block_48,48.52941176470589,17.647058823529413,0.5139369473279508,18.137254901960784,81.86274509803921,/scratch-shared/spunzo1/probe4physics/artifacts/results/intphys2_frame_shuffling/intphys2_frame_shuffling_ltx_video_ltxv_13b_0_9_8_distilled_temporal_attn_24462689/layer_noise_0.2_block_48/probe_predictions.json,/scratch-shared/spunzo1/probe4physics/artifacts/results/intphys2_frame_shuffling/intphys2_frame_shuffling_ltx_video_ltxv_13b_0_9_8_distilled_temporal_attn_24462689/layer_noise_0.2_block_48/probe_eval_summary.json,/scratch-shared/spunzo1/probe4physics/artifacts/results/intphys2_frame_shuffling/intphys2_frame_shuffling_ltx_video_ltxv_13b_0_9_8_distilled_temporal_attn_24462689,,,0.0,,0.0
frame_shuffling,intphys2_displacement,displacement,ltx_video,ltxv_13b_0_9_8_distilled,temporal_attn,24462690,,noise_0.1_block_24,51.9607843137255,13.725490196078432,0.5147058823529411,60.78431372549019,39.21568627450981,/scratch-shared/spunzo1/probe4physics/artifacts/results/intphys2_frame_shuffling/intphys2_frame_shuffling_ltx_video_ltxv_13b_0_9_8_distilled_temporal_attn_24462690/layer_noise_0.1_block_24/probe_predictions.json,/scratch-shared/spunzo1/probe4physics/artifacts/results/intphys2_frame_shuffling/intphys2_frame_shuffling_ltx_video_ltxv_13b_0_9_8_distilled_temporal_attn_24462690/layer_noise_0.1_block_24/probe_eval_summary.json,/scratch-shared/spunzo1/probe4physics/artifacts/results/intphys2_frame_shuffling/intphys2_frame_shuffling_ltx_video_ltxv_13b_0_9_8_distilled_temporal_attn_24462690,,,0.0,,0.0
frame_shuffling,intphys2_displacement,displacement,ltx_video,ltxv_13b_0_9_8_distilled,temporal_attn,24462691,,noise_0.1_block_36,42.15686274509804,3.92156862745098,0.4366589773164168,50.0,50.0,/scratch-shared/spunzo1/probe4physics/artifacts/results/intphys2_frame_shuffling/intphys2_frame_shuffling_ltx_video_ltxv_13b_0_9_8_distilled_temporal_attn_24462691/layer_noise_0.1_block_36/probe_predictions.json,/scratch-shared/spunzo1/probe4physics/artifacts/results/intphys2_frame_shuffling/intphys2_frame_shuffling_ltx_video_ltxv_13b_0_9_8_distilled_temporal_attn_24462691/layer_noise_0.1_block_36/probe_eval_summary.json,/scratch-shared/spunzo1/probe4physics/artifacts/results/intphys2_frame_shuffling/intphys2_frame_shuffling_ltx_video_ltxv_13b_0_9_8_distilled_temporal_attn_24462691,,,0.0,,0.0
frame_shuffling,intphys2_displacement,displacement,videomae,vit_huge_16_224,temporal_attn,24459177,8.0,8,49.50980392156863,15.68627450980392,0.500480584390619,67.15686274509804,32.84313725490196,/scratch-shared/spunzo1/probe4physics/artifacts/results/intphys2_frame_shuffling/intphys2_frame_shuffling_videomae_vit_huge_16_224_temporal_attn_24459177/layer_8/probe_predictions.json,/scratch-shared/spunzo1/probe4physics/artifacts/results/intphys2_frame_shuffling/intphys2_frame_shuffling_videomae_vit_huge_16_224_temporal_attn_24459177/layer_8/probe_eval_summary.json,/scratch-shared/spunzo1/probe4physics/artifacts/results/intphys2_frame_shuffling/intphys2_frame_shuffling_videomae_vit_huge_16_224_temporal_attn_24459177,,,0.0,,0.0
frame_shuffling,intphys2_displacement,displacement,videomae,vit_huge_16_224,temporal_attn,24459177,16.0,16,61.76470588235294,41.17647058823529,0.7063629373317954,53.92156862745098,46.07843137254902,/scratch-shared/spunzo1/probe4physics/artifacts/results/intphys2_frame_shuffling/intphys2_frame_shuffling_videomae_vit_huge_16_224_temporal_attn_24459177/layer_16/probe_predictions.json,/scratch-shared/spunzo1/probe4physics/artifacts/results/intphys2_frame_shuffling/intphys2_frame_shuffling_videomae_vit_huge_16_224_temporal_attn_24459177/layer_16/probe_eval_summary.json,/scratch-shared/spunzo1/probe4physics/artifacts/results/intphys2_frame_shuffling/intphys2_frame_shuffling_videomae_vit_huge_16_224_temporal_attn_24459177,,,0.0,,0.0
frame_shuffling,intphys2_displacement,displacement,videomae,vit_huge_16_224,temporal_attn,24459177,24.0,24,68.13725490196079,52.94117647058824,0.7731641676278355,51.47058823529412,48.52941176470589,/scratch-shared/spunzo1/probe4physics/artifacts/results/intphys2_frame_shuffling/intphys2_frame_shuffling_videomae_vit_huge_16_224_temporal_attn_24459177/layer_24/probe_predictions.json,/scratch-shared/spunzo1/probe4physics/artifacts/results/intphys2_frame_shuffling/intphys2_frame_shuffling_videomae_vit_huge_16_224_temporal_attn_24459177/layer_24/probe_eval_summary.json,/scratch-shared/spunzo1/probe4physics/artifacts/results/intphys2_frame_shuffling/intphys2_frame_shuffling_videomae_vit_huge_16_224_temporal_attn_24459177,,,0.0,,0.0
frame_shuffling,intphys2_displacement,displacement,videomae,vit_huge_16_224,temporal_attn,24459177,32.0,32,63.725490196078425,35.294117647058826,0.6639753940792003,45.09803921568628,54.90196078431373,/scratch-shared/spunzo1/probe4physics/artifacts/results/intphys2_frame_shuffling/intphys2_frame_shuffling_videomae_vit_huge_16_224_temporal_attn_24459177/layer_32/probe_predictions.json,/scratch-shared/spunzo1/probe4physics/artifacts/results/intphys2_frame_shuffling/intphys2_frame_shuffling_videomae_vit_huge_16_224_temporal_attn_24459177/layer_32/probe_eval_summary.json,/scratch-shared/spunzo1/probe4physics/artifacts/results/intphys2_frame_shuffling/intphys2_frame_shuffling_videomae_vit_huge_16_224_temporal_attn_24459177,,,0.0,,0.0
frame_shuffling,intphys2_displacement,displacement,videomae_v2,vit_giant_16_224,temporal_attn,24459178,10.0,10,50.0,17.647058823529413,0.5069204152249135,14.705882352941178,85.29411764705883,/scratch-shared/spunzo1/probe4physics/artifacts/results/intphys2_frame_shuffling/intphys2_frame_shuffling_videomae_v2_vit_giant_16_224_temporal_attn_24459178/layer_10/probe_predictions.json,/scratch-shared/spunzo1/probe4physics/artifacts/results/intphys2_frame_shuffling/intphys2_frame_shuffling_videomae_v2_vit_giant_16_224_temporal_attn_24459178/layer_10/probe_eval_summary.json,/scratch-shared/spunzo1/probe4physics/artifacts/results/intphys2_frame_shuffling/intphys2_frame_shuffling_videomae_v2_vit_giant_16_224_temporal_attn_24459178,,,0.0,,0.0
frame_shuffling,intphys2_displacement,displacement,videomae_v2,vit_giant_16_224,temporal_attn,24459178,20.0,20,68.62745098039215,47.05882352941176,0.7469242599000384,58.82352941176471,41.17647058823529,/scratch-shared/spunzo1/probe4physics/artifacts/results/intphys2_frame_shuffling/intphys2_frame_shuffling_videomae_v2_vit_giant_16_224_temporal_attn_24459178/layer_20/probe_predictions.json,/scratch-shared/spunzo1/probe4physics/artifacts/results/intphys2_frame_shuffling/intphys2_frame_shuffling_videomae_v2_vit_giant_16_224_temporal_attn_24459178/layer_20/probe_eval_summary.json,/scratch-shared/spunzo1/probe4physics/artifacts/results/intphys2_frame_shuffling/intphys2_frame_shuffling_videomae_v2_vit_giant_16_224_temporal_attn_24459178,,,0.0,,0.0
frame_shuffling,intphys2_displacement,displacement,videomae_v2,vit_giant_16_224,temporal_attn,24459178,30.0,30,49.50980392156863,29.411764705882355,0.5190311418685121,12.254901960784313,87.74509803921569,/scratch-shared/spunzo1/probe4physics/artifacts/results/intphys2_frame_shuffling/intphys2_frame_shuffling_videomae_v2_vit_giant_16_224_temporal_attn_24459178/layer_30/probe_predictions.json,/scratch-shared/spunzo1/probe4physics/artifacts/results/intphys2_frame_shuffling/intphys2_frame_shuffling_videomae_v2_vit_giant_16_224_temporal_attn_24459178/layer_30/probe_eval_summary.json,/scratch-shared/spunzo1/probe4physics/artifacts/results/intphys2_frame_shuffling/intphys2_frame_shuffling_videomae_v2_vit_giant_16_224_temporal_attn_24459178,,,0.0,,0.0
frame_shuffling,intphys2_displacement,displacement,videomae_v2,vit_giant_16_224,temporal_attn,24459178,40.0,40,49.50980392156863,19.607843137254903,0.5146097654748174,21.07843137254902,78.92156862745098,/scratch-shared/spunzo1/probe4physics/artifacts/results/intphys2_frame_shuffling/intphys2_frame_shuffling_videomae_v2_vit_giant_16_224_temporal_attn_24459178/layer_40/probe_predictions.json,/scratch-shared/spunzo1/probe4physics/artifacts/results/intphys2_frame_shuffling/intphys2_frame_shuffling_videomae_v2_vit_giant_16_224_temporal_attn_24459178/layer_40/probe_eval_summary.json,/scratch-shared/spunzo1/probe4physics/artifacts/results/intphys2_frame_shuffling/intphys2_frame_shuffling_videomae_v2_vit_giant_16_224_temporal_attn_24459178,,,0.0,,0.0
single_frame,intphys2_single_frame,single_frame,jepa_v1,vith16_384,temporal_attn,24459166,8.0,8,50.0,19.607843137254903,0.5009131103421761,66.66666666666666,33.33333333333333,/scratch-shared/spunzo1/probe4physics/artifacts/results/intphys2_single_frame/intphys2_single_frame_jepa_v1_vith16_384_temporal_attn_24459166/layer_8/probe_predictions.json,/scratch-shared/spunzo1/probe4physics/artifacts/results/intphys2_single_frame/intphys2_single_frame_jepa_v1_vith16_384_temporal_attn_24459166/layer_8/probe_eval_summary.json,/scratch-shared/spunzo1/probe4physics/artifacts/results/intphys2_single_frame/intphys2_single_frame_jepa_v1_vith16_384_temporal_attn_24459166,,,0.0,,0.0
single_frame,intphys2_single_frame,single_frame,jepa_v1,vith16_384,temporal_attn,24459166,16.0,16,48.52941176470589,15.68627450980392,0.4789023452518262,94.6078431372549,5.392156862745098,/scratch-shared/spunzo1/probe4physics/artifacts/results/intphys2_single_frame/intphys2_single_frame_jepa_v1_vith16_384_temporal_attn_24459166/layer_16/probe_predictions.json,/scratch-shared/spunzo1/probe4physics/artifacts/results/intphys2_single_frame/intphys2_single_frame_jepa_v1_vith16_384_temporal_attn_24459166/layer_16/probe_eval_summary.json,/scratch-shared/spunzo1/probe4physics/artifacts/results/intphys2_single_frame/intphys2_single_frame_jepa_v1_vith16_384_temporal_attn_24459166,,,0.0,,0.0
single_frame,intphys2_single_frame,single_frame,jepa_v1,vith16_384,temporal_attn,24459166,24.0,24,50.0,37.25490196078432,0.5770857362552865,100.0,0.0,/scratch-shared/spunzo1/probe4physics/artifacts/results/intphys2_single_frame/intphys2_single_frame_jepa_v1_vith16_384_temporal_attn_24459166/layer_24/probe_predictions.json,/scratch-shared/spunzo1/probe4physics/artifacts/results/intphys2_single_frame/intphys2_single_frame_jepa_v1_vith16_384_temporal_attn_24459166/layer_24/probe_eval_summary.json,/scratch-shared/spunzo1/probe4physics/artifacts/results/intphys2_single_frame/intphys2_single_frame_jepa_v1_vith16_384_temporal_attn_24459166,,,0.0,,0.0
single_frame,intphys2_single_frame,single_frame,jepa_v1,vith16_384,temporal_attn,24459166,32.0,32,50.0,15.68627450980392,0.4681372549019608,100.0,0.0,/scratch-shared/spunzo1/probe4physics/artifacts/results/intphys2_single_frame/intphys2_single_frame_jepa_v1_vith16_384_temporal_attn_24459166/layer_32/probe_predictions.json,/scratch-shared/spunzo1/probe4physics/artifacts/results/intphys2_single_frame/intphys2_single_frame_jepa_v1_vith16_384_temporal_attn_24459166/layer_32/probe_eval_summary.json,/scratch-shared/spunzo1/probe4physics/artifacts/results/intphys2_single_frame/intphys2_single_frame_jepa_v1_vith16_384_temporal_attn_24459166,,,0.0,,0.0
single_frame,intphys2_single_frame,single_frame,jepa_v2,vitg_384,temporal_attn,24459169,10.0,10,50.49019607843137,15.68627450980392,0.4965878508266051,30.88235294117647,69.11764705882352,/scratch-shared/spunzo1/probe4physics/artifacts/results/intphys2_single_frame/intphys2_single_frame_jepa_v2_vitg_384_temporal_attn_24459169/layer_10/probe_predictions.json,/scratch-shared/spunzo1/probe4physics/artifacts/results/intphys2_single_frame/intphys2_single_frame_jepa_v2_vitg_384_temporal_attn_24459169/layer_10/probe_eval_summary.json,/scratch-shared/spunzo1/probe4physics/artifacts/results/intphys2_single_frame/intphys2_single_frame_jepa_v2_vitg_384_temporal_attn_24459169,,,0.0,,0.0
single_frame,intphys2_single_frame,single_frame,jepa_v2,vitg_384,temporal_attn,24459169,20.0,20,50.49019607843137,15.68627450980392,0.5248942714340639,3.431372549019608,96.5686274509804,/scratch-shared/spunzo1/probe4physics/artifacts/results/intphys2_single_frame/intphys2_single_frame_jepa_v2_vitg_384_temporal_attn_24459169/layer_20/probe_predictions.json,/scratch-shared/spunzo1/probe4physics/artifacts/results/intphys2_single_frame/intphys2_single_frame_jepa_v2_vitg_384_temporal_attn_24459169/layer_20/probe_eval_summary.json,/scratch-shared/spunzo1/probe4physics/artifacts/results/intphys2_single_frame/intphys2_single_frame_jepa_v2_vitg_384_temporal_attn_24459169,,,0.0,,0.0
single_frame,intphys2_single_frame,single_frame,jepa_v2,vitg_384,temporal_attn,24459169,30.0,30,49.01960784313725,21.568627450980397,0.5336409073433295,97.05882352941175,2.941176470588235,/scratch-shared/spunzo1/probe4physics/artifacts/results/intphys2_single_frame/intphys2_single_frame_jepa_v2_vitg_384_temporal_attn_24459169/layer_30/probe_predictions.json,/scratch-shared/spunzo1/probe4physics/artifacts/results/intphys2_single_frame/intphys2_single_frame_jepa_v2_vitg_384_temporal_attn_24459169/layer_30/probe_eval_summary.json,/scratch-shared/spunzo1/probe4physics/artifacts/results/intphys2_single_frame/intphys2_single_frame_jepa_v2_vitg_384_temporal_attn_24459169,,,0.0,,0.0
single_frame,intphys2_single_frame,single_frame,jepa_v2,vitg_384,temporal_attn,24459169,40.0,40,50.49019607843137,17.647058823529413,0.5060073048827374,99.50980392156865,0.4901960784313725,/scratch-shared/spunzo1/probe4physics/artifacts/results/intphys2_single_frame/intphys2_single_frame_jepa_v2_vitg_384_temporal_attn_24459169/layer_40/probe_predictions.json,/scratch-shared/spunzo1/probe4physics/artifacts/results/intphys2_single_frame/intphys2_single_frame_jepa_v2_vitg_384_temporal_attn_24459169/layer_40/probe_eval_summary.json,/scratch-shared/spunzo1/probe4physics/artifacts/results/intphys2_single_frame/intphys2_single_frame_jepa_v2_vitg_384_temporal_attn_24459169,,,0.0,,0.0
single_frame,intphys2_single_frame,single_frame,jepa_v2_1,vitG_384,temporal_attn,24459170,12.0,12,52.94117647058824,7.84313725490196,0.5177816224529027,80.3921568627451,19.607843137254903,/scratch-shared/spunzo1/probe4physics/artifacts/results/intphys2_single_frame/intphys2_single_frame_jepa_v2_1_vitG_384_temporal_attn_24459170/layer_12/probe_predictions.json,/scratch-shared/spunzo1/probe4physics/artifacts/results/intphys2_single_frame/intphys2_single_frame_jepa_v2_1_vitG_384_temporal_attn_24459170/layer_12/probe_eval_summary.json,/scratch-shared/spunzo1/probe4physics/artifacts/results/intphys2_single_frame/intphys2_single_frame_jepa_v2_1_vitG_384_temporal_attn_24459170,,,0.0,,0.0
single_frame,intphys2_single_frame,single_frame,jepa_v2_1,vitG_384,temporal_attn,24459170,24.0,24,50.98039215686274,23.52941176470588,0.5135524798154556,0.9803921568627452,99.01960784313728,/scratch-shared/spunzo1/probe4physics/artifacts/results/intphys2_single_frame/intphys2_single_frame_jepa_v2_1_vitG_384_temporal_attn_24459170/layer_24/probe_predictions.json,/scratch-shared/spunzo1/probe4physics/artifacts/results/intphys2_single_frame/intphys2_single_frame_jepa_v2_1_vitG_384_temporal_attn_24459170/layer_24/probe_eval_summary.json,/scratch-shared/spunzo1/probe4physics/artifacts/results/intphys2_single_frame/intphys2_single_frame_jepa_v2_1_vitG_384_temporal_attn_24459170,,,0.0,,0.0
single_frame,intphys2_single_frame,single_frame,jepa_v2_1,vitG_384,temporal_attn,24459170,38.0,38,48.03921568627451,7.84313725490196,0.4667435601691657,94.11764705882352,5.88235294117647,/scratch-shared/spunzo1/probe4physics/artifacts/results/intphys2_single_frame/intphys2_single_frame_jepa_v2_1_vitG_384_temporal_attn_24459170/layer_38/probe_predictions.json,/scratch-shared/spunzo1/probe4physics/artifacts/results/intphys2_single_frame/intphys2_single_frame_jepa_v2_1_vitG_384_temporal_attn_24459170/layer_38/probe_eval_summary.json,/scratch-shared/spunzo1/probe4physics/artifacts/results/intphys2_single_frame/intphys2_single_frame_jepa_v2_1_vitG_384_temporal_attn_24459170,,,0.0,,0.0
single_frame,intphys2_single_frame,single_frame,jepa_v2_1,vitG_384,temporal_attn,24459170,48.0,48,50.0,15.68627450980392,0.4838523644752018,76.47058823529412,23.52941176470588,/scratch-shared/spunzo1/probe4physics/artifacts/results/intphys2_single_frame/intphys2_single_frame_jepa_v2_1_vitG_384_temporal_attn_24459170/layer_48/probe_predictions.json,/scratch-shared/spunzo1/probe4physics/artifacts/results/intphys2_single_frame/intphys2_single_frame_jepa_v2_1_vitG_384_temporal_attn_24459170/layer_48/probe_eval_summary.json,/scratch-shared/spunzo1/probe4physics/artifacts/results/intphys2_single_frame/intphys2_single_frame_jepa_v2_1_vitG_384_temporal_attn_24459170,,,0.0,,0.0
single_frame,intphys2_single_frame,single_frame,ltx_video,ltxv_13b_0_9_8_distilled,temporal_attn,24459173,34.0,noise_0.2_block_24,47.05882352941176,7.84313725490196,0.4666474432910419,85.29411764705883,14.705882352941178,/scratch-shared/spunzo1/probe4physics/artifacts/results/intphys2_single_frame/intphys2_single_frame_ltx_video_ltxv_13b_0_9_8_distilled_temporal_attn_24459173/layer_noise_0.2_block_24/probe_predictions.json,/scratch-shared/spunzo1/probe4physics/artifacts/results/intphys2_single_frame/intphys2_single_frame_ltx_video_ltxv_13b_0_9_8_distilled_temporal_attn_24459173/layer_noise_0.2_block_24/probe_eval_summary.json,/scratch-shared/spunzo1/probe4physics/artifacts/results/intphys2_single_frame/intphys2_single_frame_ltx_video_ltxv_13b_0_9_8_distilled_temporal_attn_24459173,,,0.0,,0.0
single_frame,intphys2_single_frame,single_frame,ltx_video,ltxv_13b_0_9_8_distilled,temporal_attn,24462686,36.0,noise_0.2_block_48,47.05882352941176,7.84313725490196,0.4430026912725874,28.431372549019606,71.56862745098039,/scratch-shared/spunzo1/probe4physics/artifacts/results/intphys2_single_frame/intphys2_single_frame_ltx_video_ltxv_13b_0_9_8_distilled_temporal_attn_24462686/layer_noise_0.2_block_48/probe_predictions.json,/scratch-shared/spunzo1/probe4physics/artifacts/results/intphys2_single_frame/intphys2_single_frame_ltx_video_ltxv_13b_0_9_8_distilled_temporal_attn_24462686/layer_noise_0.2_block_48/probe_eval_summary.json,/scratch-shared/spunzo1/probe4physics/artifacts/results/intphys2_single_frame/intphys2_single_frame_ltx_video_ltxv_13b_0_9_8_distilled_temporal_attn_24462686,,,0.0,,0.0
single_frame,intphys2_single_frame,single_frame,ltx_video,ltxv_13b_0_9_8_distilled,temporal_attn,24462687,38.0,noise_0.1_block_24,50.49019607843137,15.68627450980392,0.5093713956170703,99.50980392156865,0.4901960784313725,/scratch-shared/spunzo1/probe4physics/artifacts/results/intphys2_single_frame/intphys2_single_frame_ltx_video_ltxv_13b_0_9_8_distilled_temporal_attn_24462687/layer_noise_0.1_block_24/probe_predictions.json,/scratch-shared/spunzo1/probe4physics/artifacts/results/intphys2_single_frame/intphys2_single_frame_ltx_video_ltxv_13b_0_9_8_distilled_temporal_attn_24462687/layer_noise_0.1_block_24/probe_eval_summary.json,/scratch-shared/spunzo1/probe4physics/artifacts/results/intphys2_single_frame/intphys2_single_frame_ltx_video_ltxv_13b_0_9_8_distilled_temporal_attn_24462687,,,0.0,,0.0
single_frame,intphys2_single_frame,single_frame,ltx_video,ltxv_13b_0_9_8_distilled,temporal_attn,24462688,39.0,noise_0.1_block_36,49.50980392156863,11.76470588235294,0.4674163783160323,99.50980392156865,0.4901960784313725,/scratch-shared/spunzo1/probe4physics/artifacts/results/intphys2_single_frame/intphys2_single_frame_ltx_video_ltxv_13b_0_9_8_distilled_temporal_attn_24462688/layer_noise_0.1_block_36/probe_predictions.json,/scratch-shared/spunzo1/probe4physics/artifacts/results/intphys2_single_frame/intphys2_single_frame_ltx_video_ltxv_13b_0_9_8_distilled_temporal_attn_24462688/layer_noise_0.1_block_36/probe_eval_summary.json,/scratch-shared/spunzo1/probe4physics/artifacts/results/intphys2_single_frame/intphys2_single_frame_ltx_video_ltxv_13b_0_9_8_distilled_temporal_attn_24462688,,,0.0,,0.0
single_frame,intphys2_single_frame,single_frame,videomae,vit_huge_16_224,temporal_attn,24459171,8.0,8,53.92156862745098,15.68627450980392,0.5083621683967705,60.78431372549019,39.21568627450981,/scratch-shared/spunzo1/probe4physics/artifacts/results/intphys2_single_frame/intphys2_single_frame_videomae_vit_huge_16_224_temporal_attn_24459171/layer_8/probe_predictions.json,/scratch-shared/spunzo1/probe4physics/artifacts/results/intphys2_single_frame/intphys2_single_frame_videomae_vit_huge_16_224_temporal_attn_24459171/layer_8/probe_eval_summary.json,/scratch-shared/spunzo1/probe4physics/artifacts/results/intphys2_single_frame/intphys2_single_frame_videomae_vit_huge_16_224_temporal_attn_24459171,,,0.0,,0.0
single_frame,intphys2_single_frame,single_frame,videomae,vit_huge_16_224,temporal_attn,24459171,16.0,16,50.0,13.725490196078432,0.51720492118416,100.0,0.0,/scratch-shared/spunzo1/probe4physics/artifacts/results/intphys2_single_frame/intphys2_single_frame_videomae_vit_huge_16_224_temporal_attn_24459171/layer_16/probe_predictions.json,/scratch-shared/spunzo1/probe4physics/artifacts/results/intphys2_single_frame/intphys2_single_frame_videomae_vit_huge_16_224_temporal_attn_24459171/layer_16/probe_eval_summary.json,/scratch-shared/spunzo1/probe4physics/artifacts/results/intphys2_single_frame/intphys2_single_frame_videomae_vit_huge_16_224_temporal_attn_24459171,,,0.0,,0.0
single_frame,intphys2_single_frame,single_frame,videomae,vit_huge_16_224,temporal_attn,24459171,24.0,24,50.0,17.647058823529413,0.5031718569780853,100.0,0.0,/scratch-shared/spunzo1/probe4physics/artifacts/results/intphys2_single_frame/intphys2_single_frame_videomae_vit_huge_16_224_temporal_attn_24459171/layer_24/probe_predictions.json,/scratch-shared/spunzo1/probe4physics/artifacts/results/intphys2_single_frame/intphys2_single_frame_videomae_vit_huge_16_224_temporal_attn_24459171/layer_24/probe_eval_summary.json,/scratch-shared/spunzo1/probe4physics/artifacts/results/intphys2_single_frame/intphys2_single_frame_videomae_vit_huge_16_224_temporal_attn_24459171,,,0.0,,0.0
single_frame,intphys2_single_frame,single_frame,videomae,vit_huge_16_224,temporal_attn,24459171,32.0,32,52.45098039215687,21.568627450980397,0.5127835447904652,88.72549019607843,11.27450980392157,/scratch-shared/spunzo1/probe4physics/artifacts/results/intphys2_single_frame/intphys2_single_frame_videomae_vit_huge_16_224_temporal_attn_24459171/layer_32/probe_predictions.json,/scratch-shared/spunzo1/probe4physics/artifacts/results/intphys2_single_frame/intphys2_single_frame_videomae_vit_huge_16_224_temporal_attn_24459171/layer_32/probe_eval_summary.json,/scratch-shared/spunzo1/probe4physics/artifacts/results/intphys2_single_frame/intphys2_single_frame_videomae_vit_huge_16_224_temporal_attn_24459171,,,0.0,,0.0
single_frame,intphys2_single_frame,single_frame,videomae_v2,vit_giant_16_224,temporal_attn,24459172,10.0,10,49.50980392156863,15.68627450980392,0.5227797001153403,0.4901960784313725,99.50980392156865,/scratch-shared/spunzo1/probe4physics/artifacts/results/intphys2_single_frame/intphys2_single_frame_videomae_v2_vit_giant_16_224_temporal_attn_24459172/layer_10/probe_predictions.json,/scratch-shared/spunzo1/probe4physics/artifacts/results/intphys2_single_frame/intphys2_single_frame_videomae_v2_vit_giant_16_224_temporal_attn_24459172/layer_10/probe_eval_summary.json,/scratch-shared/spunzo1/probe4physics/artifacts/results/intphys2_single_frame/intphys2_single_frame_videomae_v2_vit_giant_16_224_temporal_attn_24459172,,,0.0,,0.0
single_frame,intphys2_single_frame,single_frame,videomae_v2,vit_giant_16_224,temporal_attn,24459172,20.0,20,50.49019607843137,19.607843137254903,0.4986063052672049,99.50980392156865,0.4901960784313725,/scratch-shared/spunzo1/probe4physics/artifacts/results/intphys2_single_frame/intphys2_single_frame_videomae_v2_vit_giant_16_224_temporal_attn_24459172/layer_20/probe_predictions.json,/scratch-shared/spunzo1/probe4physics/artifacts/results/intphys2_single_frame/intphys2_single_frame_videomae_v2_vit_giant_16_224_temporal_attn_24459172/layer_20/probe_eval_summary.json,/scratch-shared/spunzo1/probe4physics/artifacts/results/intphys2_single_frame/intphys2_single_frame_videomae_v2_vit_giant_16_224_temporal_attn_24459172,,,0.0,,0.0
single_frame,intphys2_single_frame,single_frame,videomae_v2,vit_giant_16_224,temporal_attn,24459172,30.0,30,50.0,11.76470588235294,0.5017301038062284,0.0,100.0,/scratch-shared/spunzo1/probe4physics/artifacts/results/intphys2_single_frame/intphys2_single_frame_videomae_v2_vit_giant_16_224_temporal_attn_24459172/layer_30/probe_predictions.json,/scratch-shared/spunzo1/probe4physics/artifacts/results/intphys2_single_frame/intphys2_single_frame_videomae_v2_vit_giant_16_224_temporal_attn_24459172/layer_30/probe_eval_summary.json,/scratch-shared/spunzo1/probe4physics/artifacts/results/intphys2_single_frame/intphys2_single_frame_videomae_v2_vit_giant_16_224_temporal_attn_24459172,,,0.0,,0.0
single_frame,intphys2_single_frame,single_frame,videomae_v2,vit_giant_16_224,temporal_attn,24459172,40.0,40,46.5686274509804,17.647058823529413,0.5045174932718185,20.098039215686278,79.90196078431373,/scratch-shared/spunzo1/probe4physics/artifacts/results/intphys2_single_frame/intphys2_single_frame_videomae_v2_vit_giant_16_224_temporal_attn_24459172/layer_40/probe_predictions.json,/scratch-shared/spunzo1/probe4physics/artifacts/results/intphys2_single_frame/intphys2_single_frame_videomae_v2_vit_giant_16_224_temporal_attn_24459172/layer_40/probe_eval_summary.json,/scratch-shared/spunzo1/probe4physics/artifacts/results/intphys2_single_frame/intphys2_single_frame_videomae_v2_vit_giant_16_224_temporal_attn_24459172,,,0.0,,0.0
